2026-04-21 16:34:58 | INFO | Results directory: /clinicfs/userhomes/jaalzate/Projects/Radiomics-Prostate-Cancer/results/radiomics/most_discriminant/gland
2026-04-21 16:34:58 | INFO | Postprocess-only mode enabled. Loading saved outputs from disk...
2026-04-21 16:35:05 | INFO | Loaded saved outputs | fold_metrics=300 rows | fold_predictions=300 rows | flat_oof=90000 rows | aggregated_oof=9000 rows
2026-04-21 16:35:06 | INFO | Saved ROC plots to: /clinicfs/userhomes/jaalzate/Projects/Radiomics-Prostate-Cancer/results/radiomics/most_discriminant/gland/roc_curves
2026-04-21 16:35:06 | INFO | Bootstrapping aggregated patient-level confidence intervals for Gradient Boosting...
2026-04-21 16:37:42 | INFO | Gradient Boosting | aggregated patient-level AUC=0.8064 | 95% CI=[0.7811, 0.8299]
2026-04-21 16:37:42 | INFO | Bootstrapping aggregated patient-level confidence intervals for KNN...
2026-04-21 16:40:18 | INFO | KNN | aggregated patient-level AUC=0.7791 | 95% CI=[0.7529, 0.8029]
2026-04-21 16:40:18 | INFO | Bootstrapping aggregated patient-level confidence intervals for Logistic Regression...
2026-04-21 16:42:53 | INFO | Logistic Regression | aggregated patient-level AUC=0.7977 | 95% CI=[0.7718, 0.8231]
2026-04-21 16:42:53 | INFO | Bootstrapping aggregated patient-level confidence intervals for Naive Bayes...
2026-04-21 16:45:23 | INFO | Naive Bayes | aggregated patient-level AUC=0.7636 | 95% CI=[0.7349, 0.7934]
2026-04-21 16:45:23 | INFO | Bootstrapping aggregated patient-level confidence intervals for Random Forest...
2026-04-21 16:47:53 | INFO | Random Forest | aggregated patient-level AUC=0.8148 | 95% CI=[0.7909, 0.8381]
2026-04-21 16:47:53 | INFO | Bootstrapping aggregated patient-level confidence intervals for SVM...
2026-04-21 16:50:22 | INFO | SVM | aggregated patient-level AUC=0.8082 | 95% CI=[0.7840, 0.8323]
2026-04-21 16:50:25 | INFO | Saved aggregated OOF summaries and confidence intervals to: /clinicfs/userhomes/jaalzate/Projects/Radiomics-Prostate-Cancer/results/radiomics/most_discriminant/gland/aggregated_performance
2026-04-21 16:50:25 | INFO | Running statistical comparison across classifiers...
Saved statistical summary to: /clinicfs/userhomes/jaalzate/Projects/Radiomics-Prostate-Cancer/results/radiomics/most_discriminant/gland/model_differences/model_differences_summary.txt
Traceback (most recent call last):
  File "/clinicfs/projects/ceib/python_enviroments/radiomics_venv/lib/python3.11/site-packages/matplotlib/texmanager.py", line 250, in _run_checked_subprocess
    report = subprocess.check_output(
             ^^^^^^^^^^^^^^^^^^^^^^^^
  File "/opt/sci-soft/software/Python/3.11.5-GCCcore-11.2.0/lib/python3.11/subprocess.py", line 466, in check_output
    return run(*popenargs, stdout=PIPE, timeout=timeout, check=True,
           ^^^^^^^^^^^^^^^^^^^^^^^^^^^^^^^^^^^^^^^^^^^^^^^^^^^^^^^^^
  File "/opt/sci-soft/software/Python/3.11.5-GCCcore-11.2.0/lib/python3.11/subprocess.py", line 548, in run
    with Popen(*popenargs, **kwargs) as process:
         ^^^^^^^^^^^^^^^^^^^^^^^^^^^
  File "/opt/sci-soft/software/Python/3.11.5-GCCcore-11.2.0/lib/python3.11/subprocess.py", line 1026, in __init__
    self._execute_child(args, executable, preexec_fn, close_fds,
  File "/opt/sci-soft/software/Python/3.11.5-GCCcore-11.2.0/lib/python3.11/subprocess.py", line 1950, in _execute_child
    raise child_exception_type(errno_num, err_msg, err_filename)
FileNotFoundError: [Errno 2] No such file or directory: 'latex'

The above exception was the direct cause of the following exception:

Traceback (most recent call last):
  File "/clinicfs/userhomes/jaalzate/Projects/Radiomics-Prostate-Cancer/train/radiomics/2_modeling/2_model_differences.py", line 167, in <module>
    main()
  File "/clinicfs/userhomes/jaalzate/Projects/Radiomics-Prostate-Cancer/train/radiomics/2_modeling/2_model_differences.py", line 135, in main
    plt.savefig(boxplot_path, dpi=300, bbox_inches="tight")
  File "/clinicfs/projects/ceib/python_enviroments/radiomics_venv/lib/python3.11/site-packages/matplotlib/pyplot.py", line 1228, in savefig
    res = fig.savefig(*args, **kwargs)  # type: ignore[func-returns-value]
          ^^^^^^^^^^^^^^^^^^^^^^^^^^^^
  File "/clinicfs/projects/ceib/python_enviroments/radiomics_venv/lib/python3.11/site-packages/matplotlib/figure.py", line 3395, in savefig
    self.canvas.print_figure(fname, **kwargs)
  File "/clinicfs/projects/ceib/python_enviroments/radiomics_venv/lib/python3.11/site-packages/matplotlib/backend_bases.py", line 2175, in print_figure
    self.figure.draw(renderer)
  File "/clinicfs/projects/ceib/python_enviroments/radiomics_venv/lib/python3.11/site-packages/matplotlib/artist.py", line 95, in draw_wrapper
    result = draw(artist, renderer, *args, **kwargs)
             ^^^^^^^^^^^^^^^^^^^^^^^^^^^^^^^^^^^^^^^
  File "/clinicfs/projects/ceib/python_enviroments/radiomics_venv/lib/python3.11/site-packages/matplotlib/artist.py", line 72, in draw_wrapper
    return draw(artist, renderer)
           ^^^^^^^^^^^^^^^^^^^^^^
  File "/clinicfs/projects/ceib/python_enviroments/radiomics_venv/lib/python3.11/site-packages/matplotlib/figure.py", line 3162, in draw
    mimage._draw_list_compositing_images(
  File "/clinicfs/projects/ceib/python_enviroments/radiomics_venv/lib/python3.11/site-packages/matplotlib/image.py", line 132, in _draw_list_compositing_images
    a.draw(renderer)
  File "/clinicfs/projects/ceib/python_enviroments/radiomics_venv/lib/python3.11/site-packages/matplotlib/artist.py", line 72, in draw_wrapper
    return draw(artist, renderer)
           ^^^^^^^^^^^^^^^^^^^^^^
  File "/clinicfs/projects/ceib/python_enviroments/radiomics_venv/lib/python3.11/site-packages/matplotlib/axes/_base.py", line 3137, in draw
    mimage._draw_list_compositing_images(
  File "/clinicfs/projects/ceib/python_enviroments/radiomics_venv/lib/python3.11/site-packages/matplotlib/image.py", line 132, in _draw_list_compositing_images
    a.draw(renderer)
  File "/clinicfs/projects/ceib/python_enviroments/radiomics_venv/lib/python3.11/site-packages/matplotlib/artist.py", line 72, in draw_wrapper
    return draw(artist, renderer)
           ^^^^^^^^^^^^^^^^^^^^^^
  File "/clinicfs/projects/ceib/python_enviroments/radiomics_venv/lib/python3.11/site-packages/matplotlib/axis.py", line 1424, in draw
    tlb1, tlb2 = self._get_ticklabel_bboxes(ticks_to_draw, renderer)
                 ^^^^^^^^^^^^^^^^^^^^^^^^^^^^^^^^^^^^^^^^^^^^^^^^^^^
  File "/clinicfs/projects/ceib/python_enviroments/radiomics_venv/lib/python3.11/site-packages/matplotlib/axis.py", line 1351, in _get_ticklabel_bboxes
    return ([tick.label1.get_window_extent(renderer)
            ^^^^^^^^^^^^^^^^^^^^^^^^^^^^^^^^^^^^^^^^
  File "/clinicfs/projects/ceib/python_enviroments/radiomics_venv/lib/python3.11/site-packages/matplotlib/axis.py", line 1351, in <listcomp>
    return ([tick.label1.get_window_extent(renderer)
             ^^^^^^^^^^^^^^^^^^^^^^^^^^^^^^^^^^^^^^^
  File "/clinicfs/projects/ceib/python_enviroments/radiomics_venv/lib/python3.11/site-packages/matplotlib/text.py", line 959, in get_window_extent
    bbox, info, descent = self._get_layout(self._renderer)
                          ^^^^^^^^^^^^^^^^^^^^^^^^^^^^^^^^
  File "/clinicfs/projects/ceib/python_enviroments/radiomics_venv/lib/python3.11/site-packages/matplotlib/text.py", line 373, in _get_layout
    _, lp_h, lp_d = _get_text_metrics_with_cache(
                    ^^^^^^^^^^^^^^^^^^^^^^^^^^^^^
  File "/clinicfs/projects/ceib/python_enviroments/radiomics_venv/lib/python3.11/site-packages/matplotlib/text.py", line 69, in _get_text_metrics_with_cache
    return _get_text_metrics_with_cache_impl(
           ^^^^^^^^^^^^^^^^^^^^^^^^^^^^^^^^^^
  File "/clinicfs/projects/ceib/python_enviroments/radiomics_venv/lib/python3.11/site-packages/matplotlib/text.py", line 77, in _get_text_metrics_with_cache_impl
    return renderer_ref().get_text_width_height_descent(text, fontprop, ismath)
           ^^^^^^^^^^^^^^^^^^^^^^^^^^^^^^^^^^^^^^^^^^^^^^^^^^^^^^^^^^^^^^^^^^^^
  File "/clinicfs/projects/ceib/python_enviroments/radiomics_venv/lib/python3.11/site-packages/matplotlib/backends/backend_agg.py", line 212, in get_text_width_height_descent
    return super().get_text_width_height_descent(s, prop, ismath)
           ^^^^^^^^^^^^^^^^^^^^^^^^^^^^^^^^^^^^^^^^^^^^^^^^^^^^^^
  File "/clinicfs/projects/ceib/python_enviroments/radiomics_venv/lib/python3.11/site-packages/matplotlib/backend_bases.py", line 597, in get_text_width_height_descent
    return self.get_texmanager().get_text_width_height_descent(
           ^^^^^^^^^^^^^^^^^^^^^^^^^^^^^^^^^^^^^^^^^^^^^^^^^^^^
  File "/clinicfs/projects/ceib/python_enviroments/radiomics_venv/lib/python3.11/site-packages/matplotlib/texmanager.py", line 363, in get_text_width_height_descent
    dvifile = cls.make_dvi(tex, fontsize)
              ^^^^^^^^^^^^^^^^^^^^^^^^^^^
  File "/clinicfs/projects/ceib/python_enviroments/radiomics_venv/lib/python3.11/site-packages/matplotlib/texmanager.py", line 295, in make_dvi
    cls._run_checked_subprocess(
  File "/clinicfs/projects/ceib/python_enviroments/radiomics_venv/lib/python3.11/site-packages/matplotlib/texmanager.py", line 254, in _run_checked_subprocess
    raise RuntimeError(
RuntimeError: Failed to process string with tex because latex could not be found
2026-04-21 16:50:27 | INFO | Running fine-tuning for the best classifier: SVM
2026-04-21 16:50:41 | INFO | Starting final hold-out optimization.
2026-04-21 16:50:41 | INFO | Selected model: SVM
2026-04-21 16:50:41 | INFO | Feature table: /clinicfs/userhomes/jaalzate/Projects/Radiomics-Prostate-Cancer/artifacts/radiomics/concatenated_data/features_all_gland.csv
2026-04-21 16:50:41 | INFO | External feature allowlist: not used
2026-04-21 16:50:41 | INFO | Optimization settings: n_folds=5, search_iterations=50, search_n_jobs=7, selection_n_jobs=7
2026-04-21 16:50:41 | INFO | Output directory: results/radiomics/most_discriminant/gland/best_results/svm
2026-04-21 16:50:41 | INFO | Loading data from: /clinicfs/userhomes/jaalzate/Projects/Radiomics-Prostate-Cancer/artifacts/radiomics/concatenated_data/features_all_gland.csv
2026-04-21 16:50:42 | INFO | Loaded data shape: (1500, 4202)
2026-04-21 16:50:42 | INFO | Created grouped hold-out split | train n=1197 pos=340 | test n=303 pos=85
2026-04-21 16:51:27 | INFO | Selected 42 training-only features (FDR candidates=2751, pruned pool=122, feature cap=42).
2026-04-21 16:51:27 | INFO | Saved training-only feature selection CSV to: /clinicfs/userhomes/jaalzate/Projects/Radiomics-Prostate-Cancer/results/radiomics/most_discriminant/gland/best_results/svm/feature_selection/training_only_feature_selection.csv
2026-04-21 16:51:27 | INFO | Saved selected feature list to: /clinicfs/userhomes/jaalzate/Projects/Radiomics-Prostate-Cancer/results/radiomics/most_discriminant/gland/best_results/svm/feature_selection/selected_features_training_only.txt
2026-04-21 16:51:27 | INFO | Running Bayesian hyperparameter optimization with BayesSearchCV using 5 grouped folds, 50 iterations, and n_jobs=7.
Fitting 5 folds for each of 1 candidates, totalling 5 fits
[CV] END svc__C=0.07425534359037013, svc__coef0=0.7277257431773251, svc__gamma=338.9034515643755, svc__kernel=linear; total time=   0.2s
[CV] END svc__C=0.07425534359037013, svc__coef0=0.7277257431773251, svc__gamma=338.9034515643755, svc__kernel=linear; total time=   0.2s
[CV] END svc__C=0.07425534359037013, svc__coef0=0.7277257431773251, svc__gamma=338.9034515643755, svc__kernel=linear; total time=   0.2s
[CV] END svc__C=0.07425534359037013, svc__coef0=0.7277257431773251, svc__gamma=338.9034515643755, svc__kernel=linear; total time=   0.2s
[CV] END svc__C=0.07425534359037013, svc__coef0=0.7277257431773251, svc__gamma=338.9034515643755, svc__kernel=linear; total time=   0.2s
Fitting 5 folds for each of 1 candidates, totalling 5 fits
[CV] END svc__C=72.73082081096716, svc__coef0=0.8833152773808622, svc__gamma=0.013300585802877296, svc__kernel=poly; total time=   0.6s
[CV] END svc__C=72.73082081096716, svc__coef0=0.8833152773808622, svc__gamma=0.013300585802877296, svc__kernel=poly; total time=   0.7s
[CV] END svc__C=72.73082081096716, svc__coef0=0.8833152773808622, svc__gamma=0.013300585802877296, svc__kernel=poly; total time=   0.7s
[CV] END svc__C=72.73082081096716, svc__coef0=0.8833152773808622, svc__gamma=0.013300585802877296, svc__kernel=poly; total time=   0.4s
[CV] END svc__C=72.73082081096716, svc__coef0=0.8833152773808622, svc__gamma=0.013300585802877296, svc__kernel=poly; total time=   0.4s
Fitting 5 folds for each of 1 candidates, totalling 5 fits
[CV] END svc__C=0.12996535162010367, svc__coef0=0.9187225216693771, svc__gamma=0.0005420184998488364, svc__kernel=rbf; total time=   0.4s
[CV] END svc__C=0.12996535162010367, svc__coef0=0.9187225216693771, svc__gamma=0.0005420184998488364, svc__kernel=rbf; total time=   0.5s
[CV] END svc__C=0.12996535162010367, svc__coef0=0.9187225216693771, svc__gamma=0.0005420184998488364, svc__kernel=rbf; total time=   0.5s
[CV] END svc__C=0.12996535162010367, svc__coef0=0.9187225216693771, svc__gamma=0.0005420184998488364, svc__kernel=rbf; total time=   0.5s
[CV] END svc__C=0.12996535162010367, svc__coef0=0.9187225216693771, svc__gamma=0.0005420184998488364, svc__kernel=rbf; total time=   0.5s
Fitting 5 folds for each of 1 candidates, totalling 5 fits
[CV] END svc__C=48.61518228524981, svc__coef0=0.1718715613965607, svc__gamma=1.535781891836163, svc__kernel=poly; total time=   0.5s
[CV] END svc__C=48.61518228524981, svc__coef0=0.1718715613965607, svc__gamma=1.535781891836163, svc__kernel=poly; total time=   0.5s
[CV] END svc__C=48.61518228524981, svc__coef0=0.1718715613965607, svc__gamma=1.535781891836163, svc__kernel=poly; total time=   0.5s
[CV] END svc__C=48.61518228524981, svc__coef0=0.1718715613965607, svc__gamma=1.535781891836163, svc__kernel=poly; total time=   0.5s
[CV] END svc__C=48.61518228524981, svc__coef0=0.1718715613965607, svc__gamma=1.535781891836163, svc__kernel=poly; total time=   0.6s
Fitting 5 folds for each of 1 candidates, totalling 5 fits
[CV] END svc__C=39.5252013727049, svc__coef0=0.43802918644092337, svc__gamma=0.4856704273115607, svc__kernel=poly; total time=   0.4s
[CV] END svc__C=39.5252013727049, svc__coef0=0.43802918644092337, svc__gamma=0.4856704273115607, svc__kernel=poly; total time=   0.5s
[CV] END svc__C=39.5252013727049, svc__coef0=0.43802918644092337, svc__gamma=0.4856704273115607, svc__kernel=poly; total time=   0.5s
[CV] END svc__C=39.5252013727049, svc__coef0=0.43802918644092337, svc__gamma=0.4856704273115607, svc__kernel=poly; total time=   0.5s
[CV] END svc__C=39.5252013727049, svc__coef0=0.43802918644092337, svc__gamma=0.4856704273115607, svc__kernel=poly; total time=   0.5s
Fitting 5 folds for each of 1 candidates, totalling 5 fits
[CV] END svc__C=13.746626277890918, svc__coef0=0.9393697376027718, svc__gamma=0.0013971732124886836, svc__kernel=linear; total time=   2.3s
[CV] END svc__C=13.746626277890918, svc__coef0=0.9393697376027718, svc__gamma=0.0013971732124886836, svc__kernel=linear; total time=   2.4s
[CV] END svc__C=13.746626277890918, svc__coef0=0.9393697376027718, svc__gamma=0.0013971732124886836, svc__kernel=linear; total time=   2.4s
[CV] END svc__C=13.746626277890918, svc__coef0=0.9393697376027718, svc__gamma=0.0013971732124886836, svc__kernel=linear; total time=   2.6s
[CV] END svc__C=13.746626277890918, svc__coef0=0.9393697376027718, svc__gamma=0.0013971732124886836, svc__kernel=linear; total time=   3.0s
Fitting 5 folds for each of 1 candidates, totalling 5 fits
[CV] END svc__C=2.0871588778809445, svc__coef0=0.7753643788278826, svc__gamma=0.03259571586662193, svc__kernel=poly; total time=   0.2s
[CV] END svc__C=2.0871588778809445, svc__coef0=0.7753643788278826, svc__gamma=0.03259571586662193, svc__kernel=poly; total time=   0.3s
[CV] END svc__C=2.0871588778809445, svc__coef0=0.7753643788278826, svc__gamma=0.03259571586662193, svc__kernel=poly; total time=   0.3s
[CV] END svc__C=2.0871588778809445, svc__coef0=0.7753643788278826, svc__gamma=0.03259571586662193, svc__kernel=poly; total time=   0.3s
[CV] END svc__C=2.0871588778809445, svc__coef0=0.7753643788278826, svc__gamma=0.03259571586662193, svc__kernel=poly; total time=   0.3s
Fitting 5 folds for each of 1 candidates, totalling 5 fits
[CV] END svc__C=0.6365338060906855, svc__coef0=0.9200092264373164, svc__gamma=0.2987218052601489, svc__kernel=poly; total time=   0.4s
[CV] END svc__C=0.6365338060906855, svc__coef0=0.9200092264373164, svc__gamma=0.2987218052601489, svc__kernel=poly; total time=   0.4s
[CV] END svc__C=0.6365338060906855, svc__coef0=0.9200092264373164, svc__gamma=0.2987218052601489, svc__kernel=poly; total time=   0.5s
[CV] END svc__C=0.6365338060906855, svc__coef0=0.9200092264373164, svc__gamma=0.2987218052601489, svc__kernel=poly; total time=   0.5s
[CV] END svc__C=0.6365338060906855, svc__coef0=0.9200092264373164, svc__gamma=0.2987218052601489, svc__kernel=poly; total time=   0.5s
Fitting 5 folds for each of 1 candidates, totalling 5 fits
[CV] END svc__C=487.9169484427551, svc__coef0=0.700621444621366, svc__gamma=126.34658246849666, svc__kernel=rbf; total time=   0.4s
[CV] END svc__C=487.9169484427551, svc__coef0=0.700621444621366, svc__gamma=126.34658246849666, svc__kernel=rbf; total time=   0.4s
[CV] END svc__C=487.9169484427551, svc__coef0=0.700621444621366, svc__gamma=126.34658246849666, svc__kernel=rbf; total time=   0.4s
[CV] END svc__C=487.9169484427551, svc__coef0=0.700621444621366, svc__gamma=126.34658246849666, svc__kernel=rbf; total time=   0.4s
[CV] END svc__C=487.9169484427551, svc__coef0=0.700621444621366, svc__gamma=126.34658246849666, svc__kernel=rbf; total time=   0.5s
Fitting 5 folds for each of 1 candidates, totalling 5 fits
[CV] END svc__C=0.00010602594470834996, svc__coef0=0.8178300196637516, svc__gamma=15.45180470879161, svc__kernel=linear; total time=   0.2s
[CV] END svc__C=0.00010602594470834996, svc__coef0=0.8178300196637516, svc__gamma=15.45180470879161, svc__kernel=linear; total time=   0.2s
[CV] END svc__C=0.00010602594470834996, svc__coef0=0.8178300196637516, svc__gamma=15.45180470879161, svc__kernel=linear; total time=   0.2s
[CV] END svc__C=0.00010602594470834996, svc__coef0=0.8178300196637516, svc__gamma=15.45180470879161, svc__kernel=linear; total time=   0.2s
[CV] END svc__C=0.00010602594470834996, svc__coef0=0.8178300196637516, svc__gamma=15.45180470879161, svc__kernel=linear; total time=   0.2s
Fitting 5 folds for each of 1 candidates, totalling 5 fits
[CV] END svc__C=0.0001, svc__coef0=0.0, svc__gamma=0.0001, svc__kernel=poly; total time=   0.2s
[CV] END svc__C=0.0001, svc__coef0=0.0, svc__gamma=0.0001, svc__kernel=poly; total time=   0.2s
[CV] END svc__C=0.0001, svc__coef0=0.0, svc__gamma=0.0001, svc__kernel=poly; total time=   0.2s
[CV] END svc__C=0.0001, svc__coef0=0.0, svc__gamma=0.0001, svc__kernel=poly; total time=   0.2s
[CV] END svc__C=0.0001, svc__coef0=0.0, svc__gamma=0.0001, svc__kernel=poly; total time=   0.3s
Fitting 5 folds for each of 1 candidates, totalling 5 fits
[CV] END svc__C=0.0001, svc__coef0=0.0, svc__gamma=0.0001, svc__kernel=linear; total time=   0.2s
[CV] END svc__C=0.0001, svc__coef0=0.0, svc__gamma=0.0001, svc__kernel=linear; total time=   0.2s
[CV] END svc__C=0.0001, svc__coef0=0.0, svc__gamma=0.0001, svc__kernel=linear; total time=   0.2s
[CV] END svc__C=0.0001, svc__coef0=0.0, svc__gamma=0.0001, svc__kernel=linear; total time=   0.2s
[CV] END svc__C=0.0001, svc__coef0=0.0, svc__gamma=0.0001, svc__kernel=linear; total time=   0.2s
Fitting 5 folds for each of 1 candidates, totalling 5 fits
[CV] END svc__C=1.495697586966231, svc__coef0=0.0, svc__gamma=1000.0, svc__kernel=linear; total time=   0.4s
[CV] END svc__C=1.495697586966231, svc__coef0=0.0, svc__gamma=1000.0, svc__kernel=linear; total time=   0.5s
[CV] END svc__C=1.495697586966231, svc__coef0=0.0, svc__gamma=1000.0, svc__kernel=linear; total time=   0.5s
[CV] END svc__C=1.495697586966231, svc__coef0=0.0, svc__gamma=1000.0, svc__kernel=linear; total time=   0.5s
[CV] END svc__C=1.495697586966231, svc__coef0=0.0, svc__gamma=1000.0, svc__kernel=linear; total time=   0.5s
Fitting 5 folds for each of 1 candidates, totalling 5 fits
[CV] END svc__C=1000.0, svc__coef0=0.0, svc__gamma=0.056135202941944795, svc__kernel=linear; total time= 2.4min
[CV] END svc__C=1000.0, svc__coef0=0.0, svc__gamma=0.056135202941944795, svc__kernel=linear; total time= 2.6min
[CV] END svc__C=1000.0, svc__coef0=0.0, svc__gamma=0.056135202941944795, svc__kernel=linear; total time= 2.7min
[CV] END svc__C=1000.0, svc__coef0=0.0, svc__gamma=0.056135202941944795, svc__kernel=linear; total time= 2.8min
[CV] END svc__C=1000.0, svc__coef0=0.0, svc__gamma=0.056135202941944795, svc__kernel=linear; total time= 2.9min
Fitting 5 folds for each of 1 candidates, totalling 5 fits
[CV] END svc__C=1000.0, svc__coef0=1.0, svc__gamma=1000.0, svc__kernel=linear; total time= 2.4min
[CV] END svc__C=1000.0, svc__coef0=1.0, svc__gamma=1000.0, svc__kernel=linear; total time= 2.5min
[CV] END svc__C=1000.0, svc__coef0=1.0, svc__gamma=1000.0, svc__kernel=linear; total time= 2.7min
[CV] END svc__C=1000.0, svc__coef0=1.0, svc__gamma=1000.0, svc__kernel=linear; total time= 2.8min
[CV] END svc__C=1000.0, svc__coef0=1.0, svc__gamma=1000.0, svc__kernel=linear; total time= 2.9min
Fitting 5 folds for each of 1 candidates, totalling 5 fits
[CV] END svc__C=2.1715469259663815, svc__coef0=0.2982719390101352, svc__gamma=0.0001, svc__kernel=rbf; total time=   0.4s
[CV] END svc__C=2.1715469259663815, svc__coef0=0.2982719390101352, svc__gamma=0.0001, svc__kernel=rbf; total time=   0.4s
[CV] END svc__C=2.1715469259663815, svc__coef0=0.2982719390101352, svc__gamma=0.0001, svc__kernel=rbf; total time=   0.4s
[CV] END svc__C=2.1715469259663815, svc__coef0=0.2982719390101352, svc__gamma=0.0001, svc__kernel=rbf; total time=   0.4s
[CV] END svc__C=2.1715469259663815, svc__coef0=0.2982719390101352, svc__gamma=0.0001, svc__kernel=rbf; total time=   0.4s
Fitting 5 folds for each of 1 candidates, totalling 5 fits
[CV] END svc__C=0.0001, svc__coef0=1.0, svc__gamma=0.013876847579577717, svc__kernel=linear; total time=   0.2s
[CV] END svc__C=0.0001, svc__coef0=1.0, svc__gamma=0.013876847579577717, svc__kernel=linear; total time=   0.2s
[CV] END svc__C=0.0001, svc__coef0=1.0, svc__gamma=0.013876847579577717, svc__kernel=linear; total time=   0.2s
[CV] END svc__C=0.0001, svc__coef0=1.0, svc__gamma=0.013876847579577717, svc__kernel=linear; total time=   0.2s
[CV] END svc__C=0.0001, svc__coef0=1.0, svc__gamma=0.013876847579577717, svc__kernel=linear; total time=   0.2s
Fitting 5 folds for each of 1 candidates, totalling 5 fits
[CV] END svc__C=4.301483460161391, svc__coef0=0.43584613496837754, svc__gamma=0.2538674242897532, svc__kernel=linear; total time=   0.8s
[CV] END svc__C=4.301483460161391, svc__coef0=0.43584613496837754, svc__gamma=0.2538674242897532, svc__kernel=linear; total time=   0.8s
[CV] END svc__C=4.301483460161391, svc__coef0=0.43584613496837754, svc__gamma=0.2538674242897532, svc__kernel=linear; total time=   0.9s
[CV] END svc__C=4.301483460161391, svc__coef0=0.43584613496837754, svc__gamma=0.2538674242897532, svc__kernel=linear; total time=   0.9s
[CV] END svc__C=4.301483460161391, svc__coef0=0.43584613496837754, svc__gamma=0.2538674242897532, svc__kernel=linear; total time=   1.0s
Fitting 5 folds for each of 1 candidates, totalling 5 fits
[CV] END svc__C=0.0001, svc__coef0=0.0, svc__gamma=1000.0, svc__kernel=linear; total time=   0.2s
[CV] END svc__C=0.0001, svc__coef0=0.0, svc__gamma=1000.0, svc__kernel=linear; total time=   0.2s
[CV] END svc__C=0.0001, svc__coef0=0.0, svc__gamma=1000.0, svc__kernel=linear; total time=   0.2s
[CV] END svc__C=0.0001, svc__coef0=0.0, svc__gamma=1000.0, svc__kernel=linear; total time=   0.2s
[CV] END svc__C=0.0001, svc__coef0=0.0, svc__gamma=1000.0, svc__kernel=linear; total time=   0.2s
Fitting 5 folds for each of 1 candidates, totalling 5 fits
[CV] END svc__C=0.251983061511028, svc__coef0=0.1907180139823723, svc__gamma=16.65000709941723, svc__kernel=linear; total time=   0.2s
[CV] END svc__C=0.251983061511028, svc__coef0=0.1907180139823723, svc__gamma=16.65000709941723, svc__kernel=linear; total time=   0.2s
[CV] END svc__C=0.251983061511028, svc__coef0=0.1907180139823723, svc__gamma=16.65000709941723, svc__kernel=linear; total time=   0.2s
[CV] END svc__C=0.251983061511028, svc__coef0=0.1907180139823723, svc__gamma=16.65000709941723, svc__kernel=linear; total time=   0.2s
[CV] END svc__C=0.251983061511028, svc__coef0=0.1907180139823723, svc__gamma=16.65000709941723, svc__kernel=linear; total time=   0.2s
Fitting 5 folds for each of 1 candidates, totalling 5 fits
[CV] END svc__C=0.13165802270063154, svc__coef0=0.7073552844911744, svc__gamma=0.17530308791730703, svc__kernel=linear; total time=   0.2s
[CV] END svc__C=0.13165802270063154, svc__coef0=0.7073552844911744, svc__gamma=0.17530308791730703, svc__kernel=linear; total time=   0.2s
[CV] END svc__C=0.13165802270063154, svc__coef0=0.7073552844911744, svc__gamma=0.17530308791730703, svc__kernel=linear; total time=   0.2s
[CV] END svc__C=0.13165802270063154, svc__coef0=0.7073552844911744, svc__gamma=0.17530308791730703, svc__kernel=linear; total time=   0.2s
[CV] END svc__C=0.13165802270063154, svc__coef0=0.7073552844911744, svc__gamma=0.17530308791730703, svc__kernel=linear; total time=   0.2s
Fitting 5 folds for each of 1 candidates, totalling 5 fits
[CV] END svc__C=266.66929749177086, svc__coef0=0.9077207370891356, svc__gamma=0.0009514086537659719, svc__kernel=poly; total time=   0.3s
[CV] END svc__C=266.66929749177086, svc__coef0=0.9077207370891356, svc__gamma=0.0009514086537659719, svc__kernel=poly; total time=   0.3s
[CV] END svc__C=266.66929749177086, svc__coef0=0.9077207370891356, svc__gamma=0.0009514086537659719, svc__kernel=poly; total time=   0.3s
[CV] END svc__C=266.66929749177086, svc__coef0=0.9077207370891356, svc__gamma=0.0009514086537659719, svc__kernel=poly; total time=   0.3s
[CV] END svc__C=266.66929749177086, svc__coef0=0.9077207370891356, svc__gamma=0.0009514086537659719, svc__kernel=poly; total time=   0.3s
Fitting 5 folds for each of 1 candidates, totalling 5 fits
[CV] END svc__C=1000.0, svc__coef0=1.0, svc__gamma=0.0001, svc__kernel=linear; total time= 2.4min
[CV] END svc__C=1000.0, svc__coef0=1.0, svc__gamma=0.0001, svc__kernel=linear; total time= 2.5min
[CV] END svc__C=1000.0, svc__coef0=1.0, svc__gamma=0.0001, svc__kernel=linear; total time= 2.7min
[CV] END svc__C=1000.0, svc__coef0=1.0, svc__gamma=0.0001, svc__kernel=linear; total time= 2.8min
[CV] END svc__C=1000.0, svc__coef0=1.0, svc__gamma=0.0001, svc__kernel=linear; total time= 2.9min
Fitting 5 folds for each of 1 candidates, totalling 5 fits
[CV] END svc__C=175.98805482568616, svc__coef0=0.8212864883019368, svc__gamma=0.0001505610220679856, svc__kernel=poly; total time=   0.2s
[CV] END svc__C=175.98805482568616, svc__coef0=0.8212864883019368, svc__gamma=0.0001505610220679856, svc__kernel=poly; total time=   0.2s
[CV] END svc__C=175.98805482568616, svc__coef0=0.8212864883019368, svc__gamma=0.0001505610220679856, svc__kernel=poly; total time=   0.2s
[CV] END svc__C=175.98805482568616, svc__coef0=0.8212864883019368, svc__gamma=0.0001505610220679856, svc__kernel=poly; total time=   0.2s
[CV] END svc__C=175.98805482568616, svc__coef0=0.8212864883019368, svc__gamma=0.0001505610220679856, svc__kernel=poly; total time=   0.2s
Fitting 5 folds for each of 1 candidates, totalling 5 fits
[CV] END svc__C=195.55470830018865, svc__coef0=0.8466200798033058, svc__gamma=3.4972362124383443, svc__kernel=linear; total time=  29.8s
[CV] END svc__C=195.55470830018865, svc__coef0=0.8466200798033058, svc__gamma=3.4972362124383443, svc__kernel=linear; total time=  31.8s
[CV] END svc__C=195.55470830018865, svc__coef0=0.8466200798033058, svc__gamma=3.4972362124383443, svc__kernel=linear; total time=  32.1s
[CV] END svc__C=195.55470830018865, svc__coef0=0.8466200798033058, svc__gamma=3.4972362124383443, svc__kernel=linear; total time=  34.7s
[CV] END svc__C=195.55470830018865, svc__coef0=0.8466200798033058, svc__gamma=3.4972362124383443, svc__kernel=linear; total time=  35.0s
Fitting 5 folds for each of 1 candidates, totalling 5 fits
[CV] END svc__C=52.56965081564304, svc__coef0=0.2308803225392272, svc__gamma=0.43117667863777953, svc__kernel=linear; total time=   7.4s
[CV] END svc__C=52.56965081564304, svc__coef0=0.2308803225392272, svc__gamma=0.43117667863777953, svc__kernel=linear; total time=   7.8s
[CV] END svc__C=52.56965081564304, svc__coef0=0.2308803225392272, svc__gamma=0.43117667863777953, svc__kernel=linear; total time=   8.3s
[CV] END svc__C=52.56965081564304, svc__coef0=0.2308803225392272, svc__gamma=0.43117667863777953, svc__kernel=linear; total time=   8.4s
[CV] END svc__C=52.56965081564304, svc__coef0=0.2308803225392272, svc__gamma=0.43117667863777953, svc__kernel=linear; total time=   9.2s
Fitting 5 folds for each of 1 candidates, totalling 5 fits
[CV] END svc__C=0.013519292124691681, svc__coef0=0.6635716289535358, svc__gamma=0.00015850031511201813, svc__kernel=linear; total time=   0.2s
[CV] END svc__C=0.013519292124691681, svc__coef0=0.6635716289535358, svc__gamma=0.00015850031511201813, svc__kernel=linear; total time=   0.2s
[CV] END svc__C=0.013519292124691681, svc__coef0=0.6635716289535358, svc__gamma=0.00015850031511201813, svc__kernel=linear; total time=   0.2s
[CV] END svc__C=0.013519292124691681, svc__coef0=0.6635716289535358, svc__gamma=0.00015850031511201813, svc__kernel=linear; total time=   0.2s
[CV] END svc__C=0.013519292124691681, svc__coef0=0.6635716289535358, svc__gamma=0.00015850031511201813, svc__kernel=linear; total time=   0.2s
Fitting 5 folds for each of 1 candidates, totalling 5 fits
[CV] END svc__C=0.0018181529832990994, svc__coef0=0.0, svc__gamma=828.4821330419503, svc__kernel=linear; total time=   0.2s
[CV] END svc__C=0.0018181529832990994, svc__coef0=0.0, svc__gamma=828.4821330419503, svc__kernel=linear; total time=   0.2s
[CV] END svc__C=0.0018181529832990994, svc__coef0=0.0, svc__gamma=828.4821330419503, svc__kernel=linear; total time=   0.2s
[CV] END svc__C=0.0018181529832990994, svc__coef0=0.0, svc__gamma=828.4821330419503, svc__kernel=linear; total time=   0.2s
[CV] END svc__C=0.0018181529832990994, svc__coef0=0.0, svc__gamma=828.4821330419503, svc__kernel=linear; total time=   0.2s
Fitting 5 folds for each of 1 candidates, totalling 5 fits
[CV] END svc__C=1000.0, svc__coef0=0.9543511733890003, svc__gamma=86.66596831748005, svc__kernel=poly; total time=   0.4s
[CV] END svc__C=1000.0, svc__coef0=0.9543511733890003, svc__gamma=86.66596831748005, svc__kernel=poly; total time=   0.5s
[CV] END svc__C=1000.0, svc__coef0=0.9543511733890003, svc__gamma=86.66596831748005, svc__kernel=poly; total time=   0.6s
[CV] END svc__C=1000.0, svc__coef0=0.9543511733890003, svc__gamma=86.66596831748005, svc__kernel=poly; total time=   0.6s
[CV] END svc__C=1000.0, svc__coef0=0.9543511733890003, svc__gamma=86.66596831748005, svc__kernel=poly; total time=   0.6s
Fitting 5 folds for each of 1 candidates, totalling 5 fits
[CV] END svc__C=0.0207864357757391, svc__coef0=0.05084290067550244, svc__gamma=0.0002503537739786123, svc__kernel=rbf; total time=   0.4s
[CV] END svc__C=0.0207864357757391, svc__coef0=0.05084290067550244, svc__gamma=0.0002503537739786123, svc__kernel=rbf; total time=   0.5s
[CV] END svc__C=0.0207864357757391, svc__coef0=0.05084290067550244, svc__gamma=0.0002503537739786123, svc__kernel=rbf; total time=   0.5s
[CV] END svc__C=0.0207864357757391, svc__coef0=0.05084290067550244, svc__gamma=0.0002503537739786123, svc__kernel=rbf; total time=   0.5s
[CV] END svc__C=0.0207864357757391, svc__coef0=0.05084290067550244, svc__gamma=0.0002503537739786123, svc__kernel=rbf; total time=   0.5s
Fitting 5 folds for each of 1 candidates, totalling 5 fits
[CV] END svc__C=0.005011141427810408, svc__coef0=0.7901620869019242, svc__gamma=0.00016581483769114263, svc__kernel=linear; total time=   0.2s
[CV] END svc__C=0.005011141427810408, svc__coef0=0.7901620869019242, svc__gamma=0.00016581483769114263, svc__kernel=linear; total time=   0.2s[CV] END svc__C=0.005011141427810408, svc__coef0=0.7901620869019242, svc__gamma=0.00016581483769114263, svc__kernel=linear; total time=   0.2s

[CV] END svc__C=0.005011141427810408, svc__coef0=0.7901620869019242, svc__gamma=0.00016581483769114263, svc__kernel=linear; total time=   0.2s
[CV] END svc__C=0.005011141427810408, svc__coef0=0.7901620869019242, svc__gamma=0.00016581483769114263, svc__kernel=linear; total time=   0.2s
Fitting 5 folds for each of 1 candidates, totalling 5 fits
[CV] END svc__C=1000.0, svc__coef0=1.0, svc__gamma=0.0003970937498744948, svc__kernel=poly; total time=   0.3s
[CV] END svc__C=1000.0, svc__coef0=1.0, svc__gamma=0.0003970937498744948, svc__kernel=poly; total time=   0.3s
[CV] END svc__C=1000.0, svc__coef0=1.0, svc__gamma=0.0003970937498744948, svc__kernel=poly; total time=   0.3s
[CV] END svc__C=1000.0, svc__coef0=1.0, svc__gamma=0.0003970937498744948, svc__kernel=poly; total time=   0.3s
[CV] END svc__C=1000.0, svc__coef0=1.0, svc__gamma=0.0003970937498744948, svc__kernel=poly; total time=   0.3s
Fitting 5 folds for each of 1 candidates, totalling 5 fits
[CV] END svc__C=1000.0, svc__coef0=1.0, svc__gamma=0.0001, svc__kernel=poly; total time=   0.2s
[CV] END svc__C=1000.0, svc__coef0=1.0, svc__gamma=0.0001, svc__kernel=poly; total time=   0.2s
[CV] END svc__C=1000.0, svc__coef0=1.0, svc__gamma=0.0001, svc__kernel=poly; total time=   0.2s
[CV] END svc__C=1000.0, svc__coef0=1.0, svc__gamma=0.0001, svc__kernel=poly; total time=   0.3s
[CV] END svc__C=1000.0, svc__coef0=1.0, svc__gamma=0.0001, svc__kernel=poly; total time=   0.3s
Fitting 5 folds for each of 1 candidates, totalling 5 fits
[CV] END svc__C=1000.0, svc__coef0=0.0, svc__gamma=36.96383916908901, svc__kernel=linear; total time= 2.4min
[CV] END svc__C=1000.0, svc__coef0=0.0, svc__gamma=36.96383916908901, svc__kernel=linear; total time= 2.5min
[CV] END svc__C=1000.0, svc__coef0=0.0, svc__gamma=36.96383916908901, svc__kernel=linear; total time= 2.7min
[CV] END svc__C=1000.0, svc__coef0=0.0, svc__gamma=36.96383916908901, svc__kernel=linear; total time= 2.8min
[CV] END svc__C=1000.0, svc__coef0=0.0, svc__gamma=36.96383916908901, svc__kernel=linear; total time= 2.9min
Fitting 5 folds for each of 1 candidates, totalling 5 fits
[CV] END svc__C=1000.0, svc__coef0=1.0, svc__gamma=0.31364813608567255, svc__kernel=linear; total time= 2.4min
[CV] END svc__C=1000.0, svc__coef0=1.0, svc__gamma=0.31364813608567255, svc__kernel=linear; total time= 2.5min
[CV] END svc__C=1000.0, svc__coef0=1.0, svc__gamma=0.31364813608567255, svc__kernel=linear; total time= 2.7min
[CV] END svc__C=1000.0, svc__coef0=1.0, svc__gamma=0.31364813608567255, svc__kernel=linear; total time= 2.8min
[CV] END svc__C=1000.0, svc__coef0=1.0, svc__gamma=0.31364813608567255, svc__kernel=linear; total time= 2.9min
Fitting 5 folds for each of 1 candidates, totalling 5 fits
[CV] END svc__C=1000.0, svc__coef0=0.8885216247663317, svc__gamma=0.00035621648126309954, svc__kernel=linear; total time= 2.4min
[CV] END svc__C=1000.0, svc__coef0=0.8885216247663317, svc__gamma=0.00035621648126309954, svc__kernel=linear; total time= 2.5min
[CV] END svc__C=1000.0, svc__coef0=0.8885216247663317, svc__gamma=0.00035621648126309954, svc__kernel=linear; total time= 2.7min
[CV] END svc__C=1000.0, svc__coef0=0.8885216247663317, svc__gamma=0.00035621648126309954, svc__kernel=linear; total time= 2.8min
[CV] END svc__C=1000.0, svc__coef0=0.8885216247663317, svc__gamma=0.00035621648126309954, svc__kernel=linear; total time= 2.9min
Fitting 5 folds for each of 1 candidates, totalling 5 fits
[CV] END svc__C=1000.0, svc__coef0=0.0, svc__gamma=0.0001, svc__kernel=poly; total time=   0.2s
[CV] END svc__C=1000.0, svc__coef0=0.0, svc__gamma=0.0001, svc__kernel=poly; total time=   0.2s
[CV] END svc__C=1000.0, svc__coef0=0.0, svc__gamma=0.0001, svc__kernel=poly; total time=   0.2s
[CV] END svc__C=1000.0, svc__coef0=0.0, svc__gamma=0.0001, svc__kernel=poly; total time=   0.3s
[CV] END svc__C=1000.0, svc__coef0=0.0, svc__gamma=0.0001, svc__kernel=poly; total time=   0.3s
Fitting 5 folds for each of 1 candidates, totalling 5 fits
[CV] END svc__C=1000.0, svc__coef0=0.0, svc__gamma=7.1905825604151135, svc__kernel=linear; total time= 2.4min
[CV] END svc__C=1000.0, svc__coef0=0.0, svc__gamma=7.1905825604151135, svc__kernel=linear; total time= 2.5min
[CV] END svc__C=1000.0, svc__coef0=0.0, svc__gamma=7.1905825604151135, svc__kernel=linear; total time= 2.7min
[CV] END svc__C=1000.0, svc__coef0=0.0, svc__gamma=7.1905825604151135, svc__kernel=linear; total time= 2.8min
[CV] END svc__C=1000.0, svc__coef0=0.0, svc__gamma=7.1905825604151135, svc__kernel=linear; total time= 2.9min
Fitting 5 folds for each of 1 candidates, totalling 5 fits
[CV] END svc__C=1000.0, svc__coef0=1.0, svc__gamma=0.34574863797192196, svc__kernel=linear; total time= 2.4min
[CV] END svc__C=1000.0, svc__coef0=1.0, svc__gamma=0.34574863797192196, svc__kernel=linear; total time= 2.5min
[CV] END svc__C=1000.0, svc__coef0=1.0, svc__gamma=0.34574863797192196, svc__kernel=linear; total time= 2.7min
[CV] END svc__C=1000.0, svc__coef0=1.0, svc__gamma=0.34574863797192196, svc__kernel=linear; total time= 2.8min
[CV] END svc__C=1000.0, svc__coef0=1.0, svc__gamma=0.34574863797192196, svc__kernel=linear; total time= 2.9min
Fitting 5 folds for each of 1 candidates, totalling 5 fits
[CV] END svc__C=1000.0, svc__coef0=0.02014451895522827, svc__gamma=6.903015283597901, svc__kernel=linear; total time= 2.4min
[CV] END svc__C=1000.0, svc__coef0=0.02014451895522827, svc__gamma=6.903015283597901, svc__kernel=linear; total time= 2.6min
[CV] END svc__C=1000.0, svc__coef0=0.02014451895522827, svc__gamma=6.903015283597901, svc__kernel=linear; total time= 2.7min
[CV] END svc__C=1000.0, svc__coef0=0.02014451895522827, svc__gamma=6.903015283597901, svc__kernel=linear; total time= 2.8min
[CV] END svc__C=1000.0, svc__coef0=0.02014451895522827, svc__gamma=6.903015283597901, svc__kernel=linear; total time= 2.9min
Fitting 5 folds for each of 1 candidates, totalling 5 fits
[CV] END svc__C=0.38387313400613, svc__coef0=1.0, svc__gamma=0.0006006724143183175, svc__kernel=poly; total time=   0.2s
[CV] END svc__C=0.38387313400613, svc__coef0=1.0, svc__gamma=0.0006006724143183175, svc__kernel=poly; total time=   0.2s
[CV] END svc__C=0.38387313400613, svc__coef0=1.0, svc__gamma=0.0006006724143183175, svc__kernel=poly; total time=   0.2s
[CV] END svc__C=0.38387313400613, svc__coef0=1.0, svc__gamma=0.0006006724143183175, svc__kernel=poly; total time=   0.2s
[CV] END svc__C=0.38387313400613, svc__coef0=1.0, svc__gamma=0.0006006724143183175, svc__kernel=poly; total time=   0.2s
Fitting 5 folds for each of 1 candidates, totalling 5 fits
[CV] END svc__C=1000.0, svc__coef0=1.0, svc__gamma=0.00036522697964075606, svc__kernel=rbf; total time=   0.4s
[CV] END svc__C=1000.0, svc__coef0=1.0, svc__gamma=0.00036522697964075606, svc__kernel=rbf; total time=   0.4s
[CV] END svc__C=1000.0, svc__coef0=1.0, svc__gamma=0.00036522697964075606, svc__kernel=rbf; total time=   0.5s
[CV] END svc__C=1000.0, svc__coef0=1.0, svc__gamma=0.00036522697964075606, svc__kernel=rbf; total time=   0.5s
[CV] END svc__C=1000.0, svc__coef0=1.0, svc__gamma=0.00036522697964075606, svc__kernel=rbf; total time=   0.5s
Fitting 5 folds for each of 1 candidates, totalling 5 fits
[CV] END svc__C=1000.0, svc__coef0=1.0, svc__gamma=0.00031909320757362046, svc__kernel=rbf; total time=   0.4s
[CV] END svc__C=1000.0, svc__coef0=1.0, svc__gamma=0.00031909320757362046, svc__kernel=rbf; total time=   0.4s
[CV] END svc__C=1000.0, svc__coef0=1.0, svc__gamma=0.00031909320757362046, svc__kernel=rbf; total time=   0.4s
[CV] END svc__C=1000.0, svc__coef0=1.0, svc__gamma=0.00031909320757362046, svc__kernel=rbf; total time=   0.5s
[CV] END svc__C=1000.0, svc__coef0=1.0, svc__gamma=0.00031909320757362046, svc__kernel=rbf; total time=   0.5s
Fitting 5 folds for each of 1 candidates, totalling 5 fits
[CV] END svc__C=1000.0, svc__coef0=1.0, svc__gamma=0.00037444516743539416, svc__kernel=rbf; total time=   0.4s
[CV] END svc__C=1000.0, svc__coef0=1.0, svc__gamma=0.00037444516743539416, svc__kernel=rbf; total time=   0.5s
[CV] END svc__C=1000.0, svc__coef0=1.0, svc__gamma=0.00037444516743539416, svc__kernel=rbf; total time=   0.5s
[CV] END svc__C=1000.0, svc__coef0=1.0, svc__gamma=0.00037444516743539416, svc__kernel=rbf; total time=   0.5s
[CV] END svc__C=1000.0, svc__coef0=1.0, svc__gamma=0.00037444516743539416, svc__kernel=rbf; total time=   0.5s
Fitting 5 folds for each of 1 candidates, totalling 5 fits
[CV] END svc__C=1000.0, svc__coef0=0.0, svc__gamma=387.4425723939728, svc__kernel=linear; total time= 2.4min
[CV] END svc__C=1000.0, svc__coef0=0.0, svc__gamma=387.4425723939728, svc__kernel=linear; total time= 2.6min
[CV] END svc__C=1000.0, svc__coef0=0.0, svc__gamma=387.4425723939728, svc__kernel=linear; total time= 2.7min
[CV] END svc__C=1000.0, svc__coef0=0.0, svc__gamma=387.4425723939728, svc__kernel=linear; total time= 2.8min
[CV] END svc__C=1000.0, svc__coef0=0.0, svc__gamma=387.4425723939728, svc__kernel=linear; total time= 2.9min
Fitting 5 folds for each of 1 candidates, totalling 5 fits
[CV] END svc__C=1000.0, svc__coef0=1.0, svc__gamma=0.00030876336839753604, svc__kernel=rbf; total time=   0.4s
[CV] END svc__C=1000.0, svc__coef0=1.0, svc__gamma=0.00030876336839753604, svc__kernel=rbf; total time=   0.4s
[CV] END svc__C=1000.0, svc__coef0=1.0, svc__gamma=0.00030876336839753604, svc__kernel=rbf; total time=   0.4s
[CV] END svc__C=1000.0, svc__coef0=1.0, svc__gamma=0.00030876336839753604, svc__kernel=rbf; total time=   0.5s
[CV] END svc__C=1000.0, svc__coef0=1.0, svc__gamma=0.00030876336839753604, svc__kernel=rbf; total time=   0.5s
Fitting 5 folds for each of 1 candidates, totalling 5 fits
[CV] END svc__C=1000.0, svc__coef0=1.0, svc__gamma=0.000347755587313151, svc__kernel=linear; total time= 2.4min
[CV] END svc__C=1000.0, svc__coef0=1.0, svc__gamma=0.000347755587313151, svc__kernel=linear; total time= 2.5min
[CV] END svc__C=1000.0, svc__coef0=1.0, svc__gamma=0.000347755587313151, svc__kernel=linear; total time= 2.7min
[CV] END svc__C=1000.0, svc__coef0=1.0, svc__gamma=0.000347755587313151, svc__kernel=linear; total time= 2.8min
[CV] END svc__C=1000.0, svc__coef0=1.0, svc__gamma=0.000347755587313151, svc__kernel=linear; total time= 2.9min
Fitting 5 folds for each of 1 candidates, totalling 5 fits
[CV] END svc__C=168.46508603829355, svc__coef0=1.0, svc__gamma=0.06568711428757579, svc__kernel=linear; total time=  24.5s
[CV] END svc__C=168.46508603829355, svc__coef0=1.0, svc__gamma=0.06568711428757579, svc__kernel=linear; total time=  25.1s
[CV] END svc__C=168.46508603829355, svc__coef0=1.0, svc__gamma=0.06568711428757579, svc__kernel=linear; total time=  25.5s
[CV] END svc__C=168.46508603829355, svc__coef0=1.0, svc__gamma=0.06568711428757579, svc__kernel=linear; total time=  28.1s
[CV] END svc__C=168.46508603829355, svc__coef0=1.0, svc__gamma=0.06568711428757579, svc__kernel=linear; total time=  29.6s
Fitting 5 folds for each of 1 candidates, totalling 5 fits
[CV] END svc__C=1000.0, svc__coef0=1.0, svc__gamma=0.000306390665995696, svc__kernel=rbf; total time=   0.4s
[CV] END svc__C=1000.0, svc__coef0=1.0, svc__gamma=0.000306390665995696, svc__kernel=rbf; total time=   0.4s
[CV] END svc__C=1000.0, svc__coef0=1.0, svc__gamma=0.000306390665995696, svc__kernel=rbf; total time=   0.4s
[CV] END svc__C=1000.0, svc__coef0=1.0, svc__gamma=0.000306390665995696, svc__kernel=rbf; total time=   0.4s
[CV] END svc__C=1000.0, svc__coef0=1.0, svc__gamma=0.000306390665995696, svc__kernel=rbf; total time=   0.4s
Fitting 5 folds for each of 1 candidates, totalling 5 fits
[CV] END svc__C=1000.0, svc__coef0=1.0, svc__gamma=0.00025372242322929114, svc__kernel=rbf; total time=   0.3s
[CV] END svc__C=1000.0, svc__coef0=1.0, svc__gamma=0.00025372242322929114, svc__kernel=rbf; total time=   0.4s
[CV] END svc__C=1000.0, svc__coef0=1.0, svc__gamma=0.00025372242322929114, svc__kernel=rbf; total time=   0.4s
[CV] END svc__C=1000.0, svc__coef0=1.0, svc__gamma=0.00025372242322929114, svc__kernel=rbf; total time=   0.4s
[CV] END svc__C=1000.0, svc__coef0=1.0, svc__gamma=0.00025372242322929114, svc__kernel=rbf; total time=   0.4s
2026-04-21 17:26:16 | INFO | Optimization completed in 34.8 minutes.
2026-04-21 17:26:16 | INFO | Best parameters: OrderedDict([('svc__C', 1000.0), ('svc__coef0', 1.0), ('svc__gamma', 0.00030876336839753604), ('svc__kernel', 'rbf')])
2026-04-21 17:26:16 | INFO | Best CV roc_auc: 0.7819 +/- 0.0198
2026-04-21 17:26:16 | INFO | Best CV f1: 0.5839 +/- 0.0199
2026-04-21 17:26:16 | INFO | Best CV balanced_accuracy: 0.7116 +/- 0.0177
2026-04-21 17:26:16 | INFO | Best estimator saved to: results/radiomics/most_discriminant/gland/best_results/svm/best_estimator.pkl
2026-04-21 17:26:16 | INFO | Evaluating the uncalibrated model on the hold-out test set...
2026-04-21 17:26:17 | INFO | Confusion matrix saved to: /clinicfs/userhomes/jaalzate/Projects/Radiomics-Prostate-Cancer/results/radiomics/most_discriminant/gland/best_results/svm/confusion_matrix.png
2026-04-21 17:26:30 | INFO | Uncalibrated hold-out metrics | AUC=0.8640 | F1=0.6878 | Balanced Accuracy=0.7929 | MCC=0.5543 | 95% AUC CI=[0.8169, 0.9056]
2026-04-21 17:26:30 | INFO | Calibrating the model with Platt scaling (sigmoid, cv=5)...
2026-04-21 17:26:32 | INFO | Pre-calibration curve saved to: /clinicfs/userhomes/jaalzate/Projects/Radiomics-Prostate-Cancer/results/radiomics/most_discriminant/gland/best_results/svm/calibration/calibration_pre.png
2026-04-21 17:26:32 | INFO | Post-calibration curve saved to: /clinicfs/userhomes/jaalzate/Projects/Radiomics-Prostate-Cancer/results/radiomics/most_discriminant/gland/best_results/svm/calibration/calibration_post.png
2026-04-21 17:26:46 | INFO | Calibration summary | post_AUC=0.8654 | ECE pre=0.0868 post=0.1003 | Brier pre=0.1371 post=0.1429
2026-04-21 17:26:47 | INFO | Threshold sweep completed | best_threshold=0.30 | best_f1=0.6738
2026-04-21 17:27:00 | INFO | Best-threshold calibrated metrics | AUC=0.8654 | F1=0.6738 | Balanced Accuracy=0.7811 | MCC=0.5346
2026-04-21 17:27:00 | INFO | Best-threshold confusion matrix saved to: /clinicfs/userhomes/jaalzate/Projects/Radiomics-Prostate-Cancer/results/radiomics/most_discriminant/gland/best_results/svm/calibration/confusion_matrix_best_threshold.png
2026-04-21 17:27:00 | INFO | Starting SHAP analysis on the training split...

Running SHAP analysis for training...
/clinicfs/projects/ceib/python_enviroments/radiomics_venv/lib/python3.11/site-packages/sklearn/base.py:486: UserWarning: X has feature names, but StandardScaler was fitted without feature names
  warnings.warn(
/clinicfs/projects/ceib/python_enviroments/radiomics_venv/lib/python3.11/site-packages/sklearn/base.py:486: UserWarning: X has feature names, but VarianceThreshold was fitted without feature names
  warnings.warn(
  0%|          | 0/1197 [00:00<?, ?it/s]  0%|          | 1/1197 [00:08<2:55:47,  8.82s/it]  0%|          | 2/1197 [00:17<2:48:55,  8.48s/it]  0%|          | 3/1197 [00:25<2:46:49,  8.38s/it]  0%|          | 4/1197 [00:33<2:45:05,  8.30s/it]  0%|          | 5/1197 [00:41<2:43:59,  8.25s/it]  1%|          | 6/1197 [00:49<2:43:19,  8.23s/it]  1%|          | 7/1197 [00:58<2:42:41,  8.20s/it]  1%|          | 8/1197 [01:06<2:42:13,  8.19s/it]  1%|          | 9/1197 [01:14<2:41:52,  8.18s/it]  1%|          | 10/1197 [01:22<2:41:45,  8.18s/it]  1%|          | 11/1197 [01:30<2:41:39,  8.18s/it]  1%|          | 12/1197 [01:38<2:42:01,  8.20s/it]  1%|          | 13/1197 [01:47<2:41:58,  8.21s/it]  1%|          | 14/1197 [01:55<2:41:53,  8.21s/it]  1%|▏         | 15/1197 [02:03<2:41:49,  8.21s/it]  1%|▏         | 16/1197 [02:11<2:41:41,  8.21s/it]  1%|▏         | 17/1197 [02:20<2:41:46,  8.23s/it]  2%|▏         | 18/1197 [02:28<2:41:30,  8.22s/it]  2%|▏         | 19/1197 [02:36<2:41:35,  8.23s/it]  2%|▏         | 20/1197 [02:44<2:41:35,  8.24s/it]  2%|▏         | 21/1197 [02:53<2:41:26,  8.24s/it]  2%|▏         | 22/1197 [03:01<2:41:48,  8.26s/it]  2%|▏         | 23/1197 [03:09<2:41:41,  8.26s/it]  2%|▏         | 24/1197 [03:17<2:41:25,  8.26s/it]  2%|▏         | 25/1197 [03:26<2:41:06,  8.25s/it]  2%|▏         | 26/1197 [03:34<2:41:10,  8.26s/it]  2%|▏         | 27/1197 [03:42<2:40:39,  8.24s/it]  2%|▏         | 28/1197 [03:50<2:40:50,  8.25s/it]  2%|▏         | 29/1197 [03:59<2:40:24,  8.24s/it]  3%|▎         | 30/1197 [04:07<2:40:42,  8.26s/it]  3%|▎         | 31/1197 [04:15<2:40:17,  8.25s/it]  3%|▎         | 32/1197 [04:23<2:40:14,  8.25s/it]  3%|▎         | 33/1197 [04:32<2:40:33,  8.28s/it]  3%|▎         | 34/1197 [04:40<2:40:25,  8.28s/it]  3%|▎         | 35/1197 [04:48<2:40:20,  8.28s/it]  3%|▎         | 36/1197 [04:56<2:40:02,  8.27s/it]  3%|▎         | 37/1197 [05:05<2:40:21,  8.29s/it]  3%|▎         | 38/1197 [05:13<2:40:02,  8.29s/it]  3%|▎         | 39/1197 [05:21<2:40:01,  8.29s/it]  3%|▎         | 40/1197 [05:30<2:39:22,  8.27s/it]  3%|▎         | 41/1197 [05:38<2:39:21,  8.27s/it]  4%|▎         | 42/1197 [05:46<2:39:29,  8.28s/it]  4%|▎         | 43/1197 [05:55<2:39:28,  8.29s/it]  4%|▎         | 44/1197 [06:03<2:38:58,  8.27s/it]  4%|▍         | 45/1197 [06:11<2:38:56,  8.28s/it]  4%|▍         | 46/1197 [06:19<2:38:48,  8.28s/it]  4%|▍         | 47/1197 [06:28<2:38:46,  8.28s/it]  4%|▍         | 48/1197 [06:36<2:38:12,  8.26s/it]  4%|▍         | 49/1197 [06:44<2:37:55,  8.25s/it]  4%|▍         | 50/1197 [06:52<2:37:50,  8.26s/it]  4%|▍         | 51/1197 [07:01<2:37:50,  8.26s/it]  4%|▍         | 52/1197 [07:09<2:37:19,  8.24s/it]  4%|▍         | 53/1197 [07:17<2:37:04,  8.24s/it]  5%|▍         | 54/1197 [07:25<2:36:22,  8.21s/it]  5%|▍         | 55/1197 [07:33<2:36:09,  8.20s/it]  5%|▍         | 56/1197 [07:42<2:35:45,  8.19s/it]  5%|▍         | 57/1197 [07:50<2:35:39,  8.19s/it]  5%|▍         | 58/1197 [07:58<2:35:19,  8.18s/it]  5%|▍         | 59/1197 [08:06<2:35:10,  8.18s/it]  5%|▌         | 60/1197 [08:14<2:34:51,  8.17s/it]  5%|▌         | 61/1197 [08:22<2:34:52,  8.18s/it]  5%|▌         | 62/1197 [08:31<2:34:31,  8.17s/it]  5%|▌         | 63/1197 [08:39<2:34:26,  8.17s/it]  5%|▌         | 64/1197 [08:47<2:34:15,  8.17s/it]  5%|▌         | 65/1197 [08:55<2:34:31,  8.19s/it]  6%|▌         | 66/1197 [09:03<2:34:11,  8.18s/it]  6%|▌         | 67/1197 [09:11<2:34:08,  8.18s/it]  6%|▌         | 68/1197 [09:20<2:34:02,  8.19s/it]  6%|▌         | 69/1197 [09:28<2:33:59,  8.19s/it]  6%|▌         | 70/1197 [09:36<2:33:40,  8.18s/it]  6%|▌         | 71/1197 [09:44<2:33:26,  8.18s/it]  6%|▌         | 72/1197 [09:52<2:33:16,  8.17s/it]  6%|▌         | 73/1197 [10:01<2:33:30,  8.19s/it]  6%|▌         | 74/1197 [10:09<2:33:22,  8.19s/it]  6%|▋         | 75/1197 [10:17<2:33:30,  8.21s/it]  6%|▋         | 76/1197 [10:25<2:33:11,  8.20s/it]  6%|▋         | 77/1197 [10:33<2:33:14,  8.21s/it]  7%|▋         | 78/1197 [10:42<2:33:20,  8.22s/it]  7%|▋         | 79/1197 [10:50<2:33:16,  8.23s/it]  7%|▋         | 80/1197 [10:58<2:33:15,  8.23s/it]  7%|▋         | 81/1197 [11:06<2:32:46,  8.21s/it]  7%|▋         | 82/1197 [11:15<2:32:26,  8.20s/it]  7%|▋         | 83/1197 [11:23<2:32:05,  8.19s/it]  7%|▋         | 84/1197 [11:31<2:31:45,  8.18s/it]  7%|▋         | 85/1197 [11:39<2:31:23,  8.17s/it]  7%|▋         | 86/1197 [11:47<2:31:07,  8.16s/it]  7%|▋         | 87/1197 [11:55<2:31:02,  8.16s/it]  7%|▋         | 88/1197 [12:03<2:31:03,  8.17s/it]  7%|▋         | 89/1197 [12:12<2:30:58,  8.18s/it]  8%|▊         | 90/1197 [12:20<2:30:58,  8.18s/it]  8%|▊         | 91/1197 [12:28<2:30:39,  8.17s/it]  8%|▊         | 92/1197 [12:36<2:30:15,  8.16s/it]  8%|▊         | 93/1197 [12:44<2:30:10,  8.16s/it]  8%|▊         | 94/1197 [12:53<2:30:09,  8.17s/it]  8%|▊         | 95/1197 [13:01<2:30:01,  8.17s/it]  8%|▊         | 96/1197 [13:09<2:29:49,  8.17s/it]  8%|▊         | 97/1197 [13:17<2:29:28,  8.15s/it]  8%|▊         | 98/1197 [13:25<2:29:17,  8.15s/it]  8%|▊         | 99/1197 [13:33<2:29:12,  8.15s/it]  8%|▊         | 100/1197 [13:41<2:28:56,  8.15s/it]  8%|▊         | 101/1197 [13:50<2:28:57,  8.15s/it]  9%|▊         | 102/1197 [13:58<2:29:31,  8.19s/it]  9%|▊         | 103/1197 [14:06<2:29:26,  8.20s/it]  9%|▊         | 104/1197 [14:14<2:28:57,  8.18s/it]  9%|▉         | 105/1197 [14:22<2:28:35,  8.16s/it]  9%|▉         | 106/1197 [14:30<2:28:26,  8.16s/it]  9%|▉         | 107/1197 [14:39<2:28:25,  8.17s/it]  9%|▉         | 108/1197 [14:47<2:28:18,  8.17s/it]  9%|▉         | 109/1197 [14:55<2:28:12,  8.17s/it]  9%|▉         | 110/1197 [15:03<2:28:16,  8.18s/it]  9%|▉         | 111/1197 [15:11<2:28:14,  8.19s/it]  9%|▉         | 112/1197 [15:20<2:27:58,  8.18s/it]  9%|▉         | 113/1197 [15:28<2:27:44,  8.18s/it] 10%|▉         | 114/1197 [15:36<2:27:39,  8.18s/it] 10%|▉         | 115/1197 [15:44<2:27:34,  8.18s/it] 10%|▉         | 116/1197 [15:52<2:27:24,  8.18s/it] 10%|▉         | 117/1197 [16:00<2:27:14,  8.18s/it] 10%|▉         | 118/1197 [16:09<2:27:14,  8.19s/it] 10%|▉         | 119/1197 [16:17<2:27:12,  8.19s/it] 10%|█         | 120/1197 [16:25<2:27:10,  8.20s/it] 10%|█         | 121/1197 [16:33<2:26:58,  8.20s/it] 10%|█         | 122/1197 [16:42<2:26:56,  8.20s/it] 10%|█         | 123/1197 [16:50<2:26:46,  8.20s/it] 10%|█         | 124/1197 [16:58<2:26:28,  8.19s/it] 10%|█         | 125/1197 [17:06<2:26:21,  8.19s/it] 11%|█         | 126/1197 [17:14<2:26:11,  8.19s/it] 11%|█         | 127/1197 [17:22<2:26:00,  8.19s/it] 11%|█         | 128/1197 [17:31<2:25:46,  8.18s/it] 11%|█         | 129/1197 [17:39<2:25:33,  8.18s/it] 11%|█         | 130/1197 [17:47<2:25:26,  8.18s/it] 11%|█         | 131/1197 [17:55<2:25:29,  8.19s/it] 11%|█         | 132/1197 [18:03<2:25:22,  8.19s/it] 11%|█         | 133/1197 [18:12<2:25:09,  8.19s/it] 11%|█         | 134/1197 [18:20<2:25:00,  8.19s/it] 11%|█▏        | 135/1197 [18:28<2:24:44,  8.18s/it] 11%|█▏        | 136/1197 [18:36<2:24:45,  8.19s/it] 11%|█▏        | 137/1197 [18:44<2:24:44,  8.19s/it] 12%|█▏        | 138/1197 [18:53<2:25:06,  8.22s/it] 12%|█▏        | 139/1197 [19:01<2:25:12,  8.23s/it] 12%|█▏        | 140/1197 [19:09<2:24:56,  8.23s/it] 12%|█▏        | 141/1197 [19:17<2:24:45,  8.22s/it] 12%|█▏        | 142/1197 [19:25<2:24:31,  8.22s/it] 12%|█▏        | 143/1197 [19:34<2:24:08,  8.21s/it] 12%|█▏        | 144/1197 [19:42<2:23:48,  8.19s/it] 12%|█▏        | 145/1197 [19:50<2:23:22,  8.18s/it] 12%|█▏        | 146/1197 [19:58<2:23:21,  8.18s/it] 12%|█▏        | 147/1197 [20:06<2:23:28,  8.20s/it] 12%|█▏        | 148/1197 [20:15<2:23:42,  8.22s/it] 12%|█▏        | 149/1197 [20:23<2:23:36,  8.22s/it] 13%|█▎        | 150/1197 [20:31<2:23:25,  8.22s/it] 13%|█▎        | 151/1197 [20:39<2:23:35,  8.24s/it] 13%|█▎        | 152/1197 [20:48<2:23:41,  8.25s/it] 13%|█▎        | 153/1197 [20:56<2:23:23,  8.24s/it] 13%|█▎        | 154/1197 [21:04<2:23:12,  8.24s/it] 13%|█▎        | 155/1197 [21:12<2:22:42,  8.22s/it] 13%|█▎        | 156/1197 [21:20<2:22:13,  8.20s/it] 13%|█▎        | 157/1197 [21:29<2:21:52,  8.18s/it] 13%|█▎        | 158/1197 [21:37<2:21:41,  8.18s/it] 13%|█▎        | 159/1197 [21:45<2:21:52,  8.20s/it] 13%|█▎        | 160/1197 [21:53<2:21:26,  8.18s/it] 13%|█▎        | 161/1197 [22:01<2:21:14,  8.18s/it] 14%|█▎        | 162/1197 [22:10<2:21:02,  8.18s/it] 14%|█▎        | 163/1197 [22:18<2:20:48,  8.17s/it] 14%|█▎        | 164/1197 [22:26<2:20:52,  8.18s/it] 14%|█▍        | 165/1197 [22:34<2:20:38,  8.18s/it] 14%|█▍        | 166/1197 [22:42<2:20:27,  8.17s/it] 14%|█▍        | 167/1197 [22:50<2:20:33,  8.19s/it] 14%|█▍        | 168/1197 [22:59<2:20:32,  8.19s/it] 14%|█▍        | 169/1197 [23:07<2:20:27,  8.20s/it] 14%|█▍        | 170/1197 [23:15<2:20:02,  8.18s/it] 14%|█▍        | 171/1197 [23:23<2:19:37,  8.17s/it] 14%|█▍        | 172/1197 [23:31<2:19:20,  8.16s/it] 14%|█▍        | 173/1197 [23:39<2:19:11,  8.16s/it] 15%|█▍        | 174/1197 [23:48<2:19:13,  8.17s/it] 15%|█▍        | 175/1197 [23:56<2:19:16,  8.18s/it] 15%|█▍        | 176/1197 [24:04<2:19:28,  8.20s/it] 15%|█▍        | 177/1197 [24:12<2:19:32,  8.21s/it] 15%|█▍        | 178/1197 [24:21<2:19:52,  8.24s/it] 15%|█▍        | 179/1197 [24:29<2:19:39,  8.23s/it] 15%|█▌        | 180/1197 [24:37<2:19:20,  8.22s/it] 15%|█▌        | 181/1197 [24:45<2:19:16,  8.23s/it] 15%|█▌        | 182/1197 [24:54<2:19:27,  8.24s/it] 15%|█▌        | 183/1197 [25:02<2:19:32,  8.26s/it] 15%|█▌        | 184/1197 [25:10<2:19:08,  8.24s/it] 15%|█▌        | 185/1197 [25:18<2:18:52,  8.23s/it] 16%|█▌        | 186/1197 [25:27<2:18:59,  8.25s/it] 16%|█▌        | 187/1197 [25:35<2:18:40,  8.24s/it] 16%|█▌        | 188/1197 [25:43<2:19:00,  8.27s/it] 16%|█▌        | 189/1197 [25:51<2:18:45,  8.26s/it] 16%|█▌        | 190/1197 [26:00<2:18:47,  8.27s/it] 16%|█▌        | 191/1197 [26:08<2:18:36,  8.27s/it] 16%|█▌        | 192/1197 [26:16<2:18:24,  8.26s/it] 16%|█▌        | 193/1197 [26:24<2:18:20,  8.27s/it] 16%|█▌        | 194/1197 [26:33<2:18:11,  8.27s/it] 16%|█▋        | 195/1197 [26:41<2:18:06,  8.27s/it] 16%|█▋        | 196/1197 [26:49<2:17:56,  8.27s/it] 16%|█▋        | 197/1197 [26:57<2:17:50,  8.27s/it] 17%|█▋        | 198/1197 [27:06<2:17:28,  8.26s/it] 17%|█▋        | 199/1197 [27:14<2:17:28,  8.26s/it] 17%|█▋        | 200/1197 [27:22<2:17:15,  8.26s/it] 17%|█▋        | 201/1197 [27:31<2:17:15,  8.27s/it] 17%|█▋        | 202/1197 [27:39<2:17:08,  8.27s/it] 17%|█▋        | 203/1197 [27:47<2:16:56,  8.27s/it] 17%|█▋        | 204/1197 [27:55<2:16:44,  8.26s/it] 17%|█▋        | 205/1197 [28:04<2:16:47,  8.27s/it] 17%|█▋        | 206/1197 [28:12<2:16:38,  8.27s/it] 17%|█▋        | 207/1197 [28:20<2:16:49,  8.29s/it] 17%|█▋        | 208/1197 [28:28<2:16:41,  8.29s/it] 17%|█▋        | 209/1197 [28:37<2:16:25,  8.28s/it] 18%|█▊        | 210/1197 [28:45<2:16:28,  8.30s/it] 18%|█▊        | 211/1197 [28:53<2:16:29,  8.31s/it] 18%|█▊        | 212/1197 [29:02<2:16:18,  8.30s/it] 18%|█▊        | 213/1197 [29:10<2:15:56,  8.29s/it] 18%|█▊        | 214/1197 [29:18<2:15:36,  8.28s/it] 18%|█▊        | 215/1197 [29:26<2:15:13,  8.26s/it] 18%|█▊        | 216/1197 [29:35<2:14:59,  8.26s/it] 18%|█▊        | 217/1197 [29:43<2:14:44,  8.25s/it] 18%|█▊        | 218/1197 [29:51<2:14:20,  8.23s/it] 18%|█▊        | 219/1197 [29:59<2:14:07,  8.23s/it] 18%|█▊        | 220/1197 [30:08<2:13:56,  8.23s/it] 18%|█▊        | 221/1197 [30:16<2:13:41,  8.22s/it] 19%|█▊        | 222/1197 [30:24<2:13:34,  8.22s/it] 19%|█▊        | 223/1197 [30:32<2:13:39,  8.23s/it] 19%|█▊        | 224/1197 [30:40<2:13:38,  8.24s/it] 19%|█▉        | 225/1197 [30:49<2:13:18,  8.23s/it] 19%|█▉        | 226/1197 [30:57<2:12:59,  8.22s/it] 19%|█▉        | 227/1197 [31:05<2:13:03,  8.23s/it] 19%|█▉        | 228/1197 [31:13<2:12:47,  8.22s/it] 19%|█▉        | 229/1197 [31:22<2:12:29,  8.21s/it] 19%|█▉        | 230/1197 [31:30<2:12:20,  8.21s/it] 19%|█▉        | 231/1197 [31:38<2:12:17,  8.22s/it] 19%|█▉        | 232/1197 [31:46<2:12:03,  8.21s/it] 19%|█▉        | 233/1197 [31:54<2:11:52,  8.21s/it] 20%|█▉        | 234/1197 [32:03<2:11:35,  8.20s/it] 20%|█▉        | 235/1197 [32:11<2:11:28,  8.20s/it] 20%|█▉        | 236/1197 [32:19<2:11:27,  8.21s/it] 20%|█▉        | 237/1197 [32:27<2:11:13,  8.20s/it] 20%|█▉        | 238/1197 [32:35<2:10:58,  8.19s/it] 20%|█▉        | 239/1197 [32:44<2:10:46,  8.19s/it] 20%|██        | 240/1197 [32:52<2:10:34,  8.19s/it] 20%|██        | 241/1197 [33:00<2:10:36,  8.20s/it] 20%|██        | 242/1197 [33:08<2:10:26,  8.20s/it] 20%|██        | 243/1197 [33:16<2:10:32,  8.21s/it] 20%|██        | 244/1197 [33:25<2:10:41,  8.23s/it] 20%|██        | 245/1197 [33:33<2:10:45,  8.24s/it] 21%|██        | 246/1197 [33:41<2:10:49,  8.25s/it] 21%|██        | 247/1197 [33:49<2:10:41,  8.25s/it] 21%|██        | 248/1197 [33:58<2:10:36,  8.26s/it] 21%|██        | 249/1197 [34:06<2:10:30,  8.26s/it] 21%|██        | 250/1197 [34:14<2:10:14,  8.25s/it] 21%|██        | 251/1197 [34:22<2:10:10,  8.26s/it] 21%|██        | 252/1197 [34:31<2:09:54,  8.25s/it] 21%|██        | 253/1197 [34:39<2:09:47,  8.25s/it] 21%|██        | 254/1197 [34:47<2:09:31,  8.24s/it] 21%|██▏       | 255/1197 [34:55<2:09:39,  8.26s/it] 21%|██▏       | 256/1197 [35:04<2:09:16,  8.24s/it] 21%|██▏       | 257/1197 [35:12<2:08:51,  8.22s/it] 22%|██▏       | 258/1197 [35:20<2:08:36,  8.22s/it] 22%|██▏       | 259/1197 [35:28<2:08:27,  8.22s/it] 22%|██▏       | 260/1197 [35:36<2:08:13,  8.21s/it] 22%|██▏       | 261/1197 [35:45<2:08:08,  8.21s/it] 22%|██▏       | 262/1197 [35:53<2:07:58,  8.21s/it] 22%|██▏       | 263/1197 [36:01<2:07:47,  8.21s/it] 22%|██▏       | 264/1197 [36:09<2:07:38,  8.21s/it] 22%|██▏       | 265/1197 [36:18<2:07:37,  8.22s/it] 22%|██▏       | 266/1197 [36:26<2:07:33,  8.22s/it] 22%|██▏       | 267/1197 [36:34<2:07:16,  8.21s/it] 22%|██▏       | 268/1197 [36:42<2:07:11,  8.21s/it] 22%|██▏       | 269/1197 [36:50<2:07:04,  8.22s/it] 23%|██▎       | 270/1197 [36:59<2:06:47,  8.21s/it] 23%|██▎       | 271/1197 [37:07<2:06:32,  8.20s/it] 23%|██▎       | 272/1197 [37:15<2:06:19,  8.19s/it] 23%|██▎       | 273/1197 [37:23<2:06:08,  8.19s/it] 23%|██▎       | 274/1197 [37:31<2:05:58,  8.19s/it] 23%|██▎       | 275/1197 [37:40<2:05:50,  8.19s/it] 23%|██▎       | 276/1197 [37:48<2:05:45,  8.19s/it] 23%|██▎       | 277/1197 [37:56<2:05:54,  8.21s/it] 23%|██▎       | 278/1197 [38:04<2:05:45,  8.21s/it] 23%|██▎       | 279/1197 [38:12<2:05:33,  8.21s/it] 23%|██▎       | 280/1197 [38:21<2:05:23,  8.20s/it] 23%|██▎       | 281/1197 [38:29<2:05:17,  8.21s/it] 24%|██▎       | 282/1197 [38:37<2:05:08,  8.21s/it] 24%|██▎       | 283/1197 [38:45<2:05:04,  8.21s/it] 24%|██▎       | 284/1197 [38:53<2:04:55,  8.21s/it] 24%|██▍       | 285/1197 [39:02<2:04:43,  8.21s/it] 24%|██▍       | 286/1197 [39:10<2:04:47,  8.22s/it] 24%|██▍       | 287/1197 [39:18<2:04:37,  8.22s/it] 24%|██▍       | 288/1197 [39:26<2:04:37,  8.23s/it] 24%|██▍       | 289/1197 [39:35<2:04:39,  8.24s/it] 24%|██▍       | 290/1197 [39:43<2:04:23,  8.23s/it] 24%|██▍       | 291/1197 [39:51<2:04:11,  8.22s/it] 24%|██▍       | 292/1197 [39:59<2:04:10,  8.23s/it] 24%|██▍       | 293/1197 [40:07<2:03:54,  8.22s/it] 25%|██▍       | 294/1197 [40:16<2:03:36,  8.21s/it] 25%|██▍       | 295/1197 [40:24<2:03:42,  8.23s/it] 25%|██▍       | 296/1197 [40:32<2:03:26,  8.22s/it] 25%|██▍       | 297/1197 [40:40<2:03:11,  8.21s/it] 25%|██▍       | 298/1197 [40:49<2:03:21,  8.23s/it] 25%|██▍       | 299/1197 [40:57<2:03:02,  8.22s/it] 25%|██▌       | 300/1197 [41:05<2:02:46,  8.21s/it] 25%|██▌       | 301/1197 [41:13<2:02:51,  8.23s/it] 25%|██▌       | 302/1197 [41:21<2:02:38,  8.22s/it] 25%|██▌       | 303/1197 [41:30<2:02:23,  8.21s/it] 25%|██▌       | 304/1197 [41:38<2:02:26,  8.23s/it] 25%|██▌       | 305/1197 [41:46<2:02:19,  8.23s/it] 26%|██▌       | 306/1197 [41:54<2:02:06,  8.22s/it] 26%|██▌       | 307/1197 [42:03<2:02:03,  8.23s/it] 26%|██▌       | 308/1197 [42:11<2:01:45,  8.22s/it] 26%|██▌       | 309/1197 [42:19<2:01:33,  8.21s/it] 26%|██▌       | 310/1197 [42:27<2:01:31,  8.22s/it] 26%|██▌       | 311/1197 [42:35<2:01:21,  8.22s/it] 26%|██▌       | 312/1197 [42:44<2:01:08,  8.21s/it] 26%|██▌       | 313/1197 [42:52<2:01:20,  8.24s/it] 26%|██▌       | 314/1197 [43:00<2:01:18,  8.24s/it] 26%|██▋       | 315/1197 [43:09<2:01:53,  8.29s/it] 26%|██▋       | 316/1197 [43:17<2:01:46,  8.29s/it] 26%|██▋       | 317/1197 [43:25<2:01:32,  8.29s/it] 27%|██▋       | 318/1197 [43:33<2:01:18,  8.28s/it] 27%|██▋       | 319/1197 [43:42<2:01:10,  8.28s/it] 27%|██▋       | 320/1197 [43:50<2:01:06,  8.29s/it] 27%|██▋       | 321/1197 [43:58<2:01:07,  8.30s/it] 27%|██▋       | 322/1197 [44:07<2:00:53,  8.29s/it] 27%|██▋       | 323/1197 [44:15<2:00:44,  8.29s/it] 27%|██▋       | 324/1197 [44:23<2:00:40,  8.29s/it] 27%|██▋       | 325/1197 [44:31<2:00:28,  8.29s/it] 27%|██▋       | 326/1197 [44:40<2:00:17,  8.29s/it] 27%|██▋       | 327/1197 [44:48<2:00:17,  8.30s/it] 27%|██▋       | 328/1197 [44:56<2:00:05,  8.29s/it] 27%|██▋       | 329/1197 [45:05<1:59:55,  8.29s/it] 28%|██▊       | 330/1197 [45:13<1:59:46,  8.29s/it] 28%|██▊       | 331/1197 [45:21<1:59:21,  8.27s/it] 28%|██▊       | 332/1197 [45:29<1:59:14,  8.27s/it] 28%|██▊       | 333/1197 [45:38<1:59:06,  8.27s/it] 28%|██▊       | 334/1197 [45:46<1:58:48,  8.26s/it] 28%|██▊       | 335/1197 [45:54<1:58:27,  8.24s/it] 28%|██▊       | 336/1197 [46:02<1:57:57,  8.22s/it] 28%|██▊       | 337/1197 [46:11<1:57:57,  8.23s/it] 28%|██▊       | 338/1197 [46:19<1:57:54,  8.24s/it] 28%|██▊       | 339/1197 [46:27<1:57:29,  8.22s/it] 28%|██▊       | 340/1197 [46:35<1:57:12,  8.21s/it] 28%|██▊       | 341/1197 [46:43<1:57:01,  8.20s/it] 29%|██▊       | 342/1197 [46:52<1:56:42,  8.19s/it] 29%|██▊       | 343/1197 [47:00<1:56:40,  8.20s/it] 29%|██▊       | 344/1197 [47:08<1:56:36,  8.20s/it] 29%|██▉       | 345/1197 [47:16<1:56:26,  8.20s/it] 29%|██▉       | 346/1197 [47:24<1:56:22,  8.21s/it] 29%|██▉       | 347/1197 [47:33<1:56:11,  8.20s/it] 29%|██▉       | 348/1197 [47:41<1:56:11,  8.21s/it] 29%|██▉       | 349/1197 [47:49<1:56:07,  8.22s/it] 29%|██▉       | 350/1197 [47:57<1:56:02,  8.22s/it] 29%|██▉       | 351/1197 [48:06<1:56:06,  8.23s/it] 29%|██▉       | 352/1197 [48:14<1:56:17,  8.26s/it] 29%|██▉       | 353/1197 [48:22<1:55:59,  8.25s/it] 30%|██▉       | 354/1197 [48:30<1:56:05,  8.26s/it] 30%|██▉       | 355/1197 [48:39<1:56:04,  8.27s/it] 30%|██▉       | 356/1197 [48:47<1:56:01,  8.28s/it] 30%|██▉       | 357/1197 [48:55<1:55:37,  8.26s/it] 30%|██▉       | 358/1197 [49:03<1:55:33,  8.26s/it] 30%|██▉       | 359/1197 [49:12<1:55:01,  8.24s/it] 30%|███       | 360/1197 [49:20<1:55:06,  8.25s/it] 30%|███       | 361/1197 [49:28<1:54:34,  8.22s/it] 30%|███       | 362/1197 [49:36<1:54:26,  8.22s/it] 30%|███       | 363/1197 [49:45<1:54:32,  8.24s/it] 30%|███       | 364/1197 [49:53<1:54:25,  8.24s/it] 30%|███       | 365/1197 [50:01<1:54:19,  8.24s/it] 31%|███       | 366/1197 [50:09<1:54:15,  8.25s/it] 31%|███       | 367/1197 [50:18<1:54:04,  8.25s/it] 31%|███       | 368/1197 [50:26<1:53:52,  8.24s/it] 31%|███       | 369/1197 [50:34<1:53:48,  8.25s/it] 31%|███       | 370/1197 [50:42<1:53:25,  8.23s/it] 31%|███       | 371/1197 [50:50<1:53:28,  8.24s/it] 31%|███       | 372/1197 [50:59<1:53:18,  8.24s/it] 31%|███       | 373/1197 [51:07<1:52:54,  8.22s/it] 31%|███       | 374/1197 [51:15<1:52:29,  8.20s/it] 31%|███▏      | 375/1197 [51:23<1:52:11,  8.19s/it] 31%|███▏      | 376/1197 [51:31<1:51:44,  8.17s/it] 31%|███▏      | 377/1197 [51:40<1:51:51,  8.18s/it] 32%|███▏      | 378/1197 [51:48<1:51:29,  8.17s/it] 32%|███▏      | 379/1197 [51:56<1:51:12,  8.16s/it] 32%|███▏      | 380/1197 [52:04<1:50:57,  8.15s/it] 32%|███▏      | 381/1197 [52:12<1:50:43,  8.14s/it] 32%|███▏      | 382/1197 [52:20<1:50:36,  8.14s/it] 32%|███▏      | 383/1197 [52:28<1:50:28,  8.14s/it] 32%|███▏      | 384/1197 [52:37<1:50:23,  8.15s/it] 32%|███▏      | 385/1197 [52:45<1:50:11,  8.14s/it] 32%|███▏      | 386/1197 [52:53<1:50:02,  8.14s/it] 32%|███▏      | 387/1197 [53:01<1:49:58,  8.15s/it] 32%|███▏      | 388/1197 [53:09<1:50:24,  8.19s/it] 32%|███▏      | 389/1197 [53:17<1:50:01,  8.17s/it] 33%|███▎      | 390/1197 [53:26<1:49:46,  8.16s/it] 33%|███▎      | 391/1197 [53:34<1:49:28,  8.15s/it] 33%|███▎      | 392/1197 [53:42<1:49:17,  8.15s/it] 33%|███▎      | 393/1197 [53:50<1:49:11,  8.15s/it] 33%|███▎      | 394/1197 [53:58<1:48:57,  8.14s/it] 33%|███▎      | 395/1197 [54:06<1:48:44,  8.14s/it] 33%|███▎      | 396/1197 [54:14<1:48:47,  8.15s/it] 33%|███▎      | 397/1197 [54:23<1:48:54,  8.17s/it] 33%|███▎      | 398/1197 [54:31<1:48:47,  8.17s/it] 33%|███▎      | 399/1197 [54:39<1:48:36,  8.17s/it] 33%|███▎      | 400/1197 [54:47<1:48:24,  8.16s/it] 34%|███▎      | 401/1197 [54:55<1:48:25,  8.17s/it] 34%|███▎      | 402/1197 [55:03<1:48:24,  8.18s/it] 34%|███▎      | 403/1197 [55:12<1:48:26,  8.19s/it] 34%|███▍      | 404/1197 [55:20<1:48:03,  8.18s/it] 34%|███▍      | 405/1197 [55:28<1:47:53,  8.17s/it] 34%|███▍      | 406/1197 [55:36<1:47:51,  8.18s/it] 34%|███▍      | 407/1197 [55:44<1:47:47,  8.19s/it] 34%|███▍      | 408/1197 [55:53<1:47:43,  8.19s/it] 34%|███▍      | 409/1197 [56:01<1:47:34,  8.19s/it] 34%|███▍      | 410/1197 [56:09<1:47:23,  8.19s/it] 34%|███▍      | 411/1197 [56:17<1:47:14,  8.19s/it] 34%|███▍      | 412/1197 [56:25<1:47:10,  8.19s/it] 35%|███▍      | 413/1197 [56:33<1:46:47,  8.17s/it] 35%|███▍      | 414/1197 [56:42<1:46:32,  8.16s/it] 35%|███▍      | 415/1197 [56:50<1:46:26,  8.17s/it] 35%|███▍      | 416/1197 [56:58<1:46:15,  8.16s/it] 35%|███▍      | 417/1197 [57:06<1:46:18,  8.18s/it] 35%|███▍      | 418/1197 [57:14<1:46:01,  8.17s/it] 35%|███▌      | 419/1197 [57:22<1:45:58,  8.17s/it] 35%|███▌      | 420/1197 [57:31<1:45:48,  8.17s/it] 35%|███▌      | 421/1197 [57:39<1:45:35,  8.16s/it] 35%|███▌      | 422/1197 [57:47<1:45:31,  8.17s/it] 35%|███▌      | 423/1197 [57:55<1:45:24,  8.17s/it] 35%|███▌      | 424/1197 [58:03<1:45:26,  8.18s/it] 36%|███▌      | 425/1197 [58:12<1:45:37,  8.21s/it] 36%|███▌      | 426/1197 [58:20<1:45:21,  8.20s/it] 36%|███▌      | 427/1197 [58:28<1:45:11,  8.20s/it] 36%|███▌      | 428/1197 [58:36<1:44:42,  8.17s/it] 36%|███▌      | 429/1197 [58:44<1:44:46,  8.19s/it] 36%|███▌      | 430/1197 [58:52<1:44:27,  8.17s/it] 36%|███▌      | 431/1197 [59:01<1:44:30,  8.19s/it] 36%|███▌      | 432/1197 [59:09<1:44:10,  8.17s/it] 36%|███▌      | 433/1197 [59:17<1:44:05,  8.18s/it] 36%|███▋      | 434/1197 [59:25<1:43:45,  8.16s/it] 36%|███▋      | 435/1197 [59:33<1:43:33,  8.15s/it] 36%|███▋      | 436/1197 [59:41<1:43:17,  8.14s/it] 37%|███▋      | 437/1197 [59:50<1:43:08,  8.14s/it] 37%|███▋      | 438/1197 [59:58<1:43:10,  8.16s/it] 37%|███▋      | 439/1197 [1:00:06<1:43:14,  8.17s/it] 37%|███▋      | 440/1197 [1:00:14<1:43:11,  8.18s/it] 37%|███▋      | 441/1197 [1:00:22<1:43:08,  8.19s/it] 37%|███▋      | 442/1197 [1:00:31<1:43:05,  8.19s/it] 37%|███▋      | 443/1197 [1:00:39<1:42:43,  8.17s/it] 37%|███▋      | 444/1197 [1:00:47<1:42:38,  8.18s/it] 37%|███▋      | 445/1197 [1:00:55<1:42:32,  8.18s/it] 37%|███▋      | 446/1197 [1:01:03<1:42:26,  8.18s/it] 37%|███▋      | 447/1197 [1:01:11<1:42:26,  8.19s/it] 37%|███▋      | 448/1197 [1:01:20<1:42:10,  8.19s/it] 38%|███▊      | 449/1197 [1:01:28<1:41:58,  8.18s/it] 38%|███▊      | 450/1197 [1:01:36<1:41:51,  8.18s/it] 38%|███▊      | 451/1197 [1:01:44<1:41:43,  8.18s/it] 38%|███▊      | 452/1197 [1:01:52<1:41:42,  8.19s/it] 38%|███▊      | 453/1197 [1:02:01<1:41:27,  8.18s/it] 38%|███▊      | 454/1197 [1:02:09<1:41:17,  8.18s/it] 38%|███▊      | 455/1197 [1:02:17<1:41:07,  8.18s/it] 38%|███▊      | 456/1197 [1:02:25<1:40:58,  8.18s/it] 38%|███▊      | 457/1197 [1:02:33<1:40:55,  8.18s/it] 38%|███▊      | 458/1197 [1:02:41<1:40:52,  8.19s/it] 38%|███▊      | 459/1197 [1:02:50<1:40:54,  8.20s/it] 38%|███▊      | 460/1197 [1:02:58<1:40:48,  8.21s/it] 39%|███▊      | 461/1197 [1:03:06<1:40:32,  8.20s/it] 39%|███▊      | 462/1197 [1:03:14<1:40:14,  8.18s/it] 39%|███▊      | 463/1197 [1:03:22<1:40:22,  8.21s/it] 39%|███▉      | 464/1197 [1:03:31<1:39:57,  8.18s/it] 39%|███▉      | 465/1197 [1:03:39<1:39:56,  8.19s/it] 39%|███▉      | 466/1197 [1:03:47<1:39:58,  8.21s/it] 39%|███▉      | 467/1197 [1:03:55<1:40:01,  8.22s/it] 39%|███▉      | 468/1197 [1:04:03<1:39:39,  8.20s/it] 39%|███▉      | 469/1197 [1:04:12<1:39:44,  8.22s/it] 39%|███▉      | 470/1197 [1:04:20<1:39:56,  8.25s/it] 39%|███▉      | 471/1197 [1:04:28<1:39:48,  8.25s/it] 39%|███▉      | 472/1197 [1:04:37<1:39:42,  8.25s/it] 40%|███▉      | 473/1197 [1:04:45<1:39:28,  8.24s/it] 40%|███▉      | 474/1197 [1:04:53<1:39:23,  8.25s/it] 40%|███▉      | 475/1197 [1:05:01<1:38:49,  8.21s/it] 40%|███▉      | 476/1197 [1:05:11<1:45:39,  8.79s/it] 40%|███▉      | 477/1197 [1:05:20<1:45:09,  8.76s/it] 40%|███▉      | 478/1197 [1:05:28<1:43:28,  8.63s/it] 40%|████      | 479/1197 [1:05:37<1:42:05,  8.53s/it] 40%|████      | 480/1197 [1:05:45<1:40:56,  8.45s/it] 40%|████      | 481/1197 [1:05:53<1:40:07,  8.39s/it] 40%|████      | 482/1197 [1:06:01<1:39:22,  8.34s/it] 40%|████      | 483/1197 [1:06:10<1:39:01,  8.32s/it] 40%|████      | 484/1197 [1:06:18<1:38:34,  8.30s/it] 41%|████      | 485/1197 [1:06:26<1:38:14,  8.28s/it] 41%|████      | 486/1197 [1:06:34<1:38:04,  8.28s/it] 41%|████      | 487/1197 [1:06:43<1:37:47,  8.26s/it] 41%|████      | 488/1197 [1:06:51<1:37:34,  8.26s/it] 41%|████      | 489/1197 [1:06:59<1:37:26,  8.26s/it] 41%|████      | 490/1197 [1:07:07<1:37:19,  8.26s/it] 41%|████      | 491/1197 [1:07:16<1:37:07,  8.25s/it] 41%|████      | 492/1197 [1:07:24<1:37:10,  8.27s/it] 41%|████      | 493/1197 [1:07:32<1:36:44,  8.25s/it] 41%|████▏     | 494/1197 [1:07:40<1:36:52,  8.27s/it] 41%|████▏     | 495/1197 [1:07:49<1:36:44,  8.27s/it] 41%|████▏     | 496/1197 [1:07:57<1:36:37,  8.27s/it] 42%|████▏     | 497/1197 [1:08:05<1:36:29,  8.27s/it] 42%|████▏     | 498/1197 [1:08:14<1:36:24,  8.27s/it] 42%|████▏     | 499/1197 [1:08:22<1:36:02,  8.26s/it] 42%|████▏     | 500/1197 [1:08:30<1:35:50,  8.25s/it] 42%|████▏     | 501/1197 [1:08:38<1:35:31,  8.24s/it] 42%|████▏     | 502/1197 [1:08:46<1:35:33,  8.25s/it] 42%|████▏     | 503/1197 [1:08:55<1:35:30,  8.26s/it] 42%|████▏     | 504/1197 [1:09:03<1:35:01,  8.23s/it] 42%|████▏     | 505/1197 [1:09:11<1:34:37,  8.21s/it] 42%|████▏     | 506/1197 [1:09:19<1:34:32,  8.21s/it] 42%|████▏     | 507/1197 [1:09:28<1:34:41,  8.23s/it] 42%|████▏     | 508/1197 [1:09:36<1:34:31,  8.23s/it] 43%|████▎     | 509/1197 [1:09:44<1:34:33,  8.25s/it] 43%|████▎     | 510/1197 [1:09:52<1:34:21,  8.24s/it] 43%|████▎     | 511/1197 [1:10:01<1:34:08,  8.23s/it] 43%|████▎     | 512/1197 [1:10:09<1:33:43,  8.21s/it] 43%|████▎     | 513/1197 [1:10:17<1:33:58,  8.24s/it] 43%|████▎     | 514/1197 [1:10:25<1:33:46,  8.24s/it] 43%|████▎     | 515/1197 [1:10:34<1:33:51,  8.26s/it] 43%|████▎     | 516/1197 [1:10:42<1:33:40,  8.25s/it] 43%|████▎     | 517/1197 [1:10:50<1:33:14,  8.23s/it] 43%|████▎     | 518/1197 [1:10:58<1:33:04,  8.22s/it] 43%|████▎     | 519/1197 [1:11:06<1:32:35,  8.19s/it] 43%|████▎     | 520/1197 [1:11:14<1:32:29,  8.20s/it] 44%|████▎     | 521/1197 [1:11:23<1:32:17,  8.19s/it] 44%|████▎     | 522/1197 [1:11:31<1:31:54,  8.17s/it] 44%|████▎     | 523/1197 [1:11:39<1:31:36,  8.15s/it] 44%|████▍     | 524/1197 [1:11:47<1:31:33,  8.16s/it] 44%|████▍     | 525/1197 [1:11:55<1:31:29,  8.17s/it] 44%|████▍     | 526/1197 [1:12:03<1:31:24,  8.17s/it] 44%|████▍     | 527/1197 [1:12:12<1:31:15,  8.17s/it] 44%|████▍     | 528/1197 [1:12:20<1:31:21,  8.19s/it] 44%|████▍     | 529/1197 [1:12:28<1:31:14,  8.20s/it] 44%|████▍     | 530/1197 [1:12:36<1:31:16,  8.21s/it] 44%|████▍     | 531/1197 [1:12:44<1:31:00,  8.20s/it] 44%|████▍     | 532/1197 [1:12:53<1:30:50,  8.20s/it] 45%|████▍     | 533/1197 [1:13:01<1:30:41,  8.20s/it] 45%|████▍     | 534/1197 [1:13:09<1:30:25,  8.18s/it] 45%|████▍     | 535/1197 [1:13:17<1:30:16,  8.18s/it] 45%|████▍     | 536/1197 [1:13:25<1:29:53,  8.16s/it] 45%|████▍     | 537/1197 [1:13:33<1:29:51,  8.17s/it] 45%|████▍     | 538/1197 [1:13:42<1:29:47,  8.18s/it] 45%|████▌     | 539/1197 [1:13:50<1:29:41,  8.18s/it] 45%|████▌     | 540/1197 [1:13:58<1:29:34,  8.18s/it] 45%|████▌     | 541/1197 [1:14:06<1:29:31,  8.19s/it] 45%|████▌     | 542/1197 [1:14:14<1:29:27,  8.19s/it] 45%|████▌     | 543/1197 [1:14:23<1:29:30,  8.21s/it] 45%|████▌     | 544/1197 [1:14:31<1:29:28,  8.22s/it] 46%|████▌     | 545/1197 [1:14:39<1:29:50,  8.27s/it] 46%|████▌     | 546/1197 [1:14:48<1:29:29,  8.25s/it] 46%|████▌     | 547/1197 [1:14:56<1:29:31,  8.26s/it] 46%|████▌     | 548/1197 [1:15:04<1:29:17,  8.26s/it] 46%|████▌     | 549/1197 [1:15:12<1:29:07,  8.25s/it] 46%|████▌     | 550/1197 [1:15:21<1:29:01,  8.26s/it] 46%|████▌     | 551/1197 [1:15:29<1:28:56,  8.26s/it] 46%|████▌     | 552/1197 [1:15:37<1:28:42,  8.25s/it] 46%|████▌     | 553/1197 [1:15:45<1:28:34,  8.25s/it] 46%|████▋     | 554/1197 [1:15:54<1:28:27,  8.25s/it] 46%|████▋     | 555/1197 [1:16:02<1:28:17,  8.25s/it] 46%|████▋     | 556/1197 [1:16:10<1:27:50,  8.22s/it] 47%|████▋     | 557/1197 [1:16:18<1:27:31,  8.21s/it] 47%|████▋     | 558/1197 [1:16:26<1:27:27,  8.21s/it] 47%|████▋     | 559/1197 [1:16:35<1:27:15,  8.21s/it] 47%|████▋     | 560/1197 [1:16:43<1:26:49,  8.18s/it] 47%|████▋     | 561/1197 [1:16:51<1:26:44,  8.18s/it] 47%|████▋     | 562/1197 [1:16:59<1:26:26,  8.17s/it] 47%|████▋     | 563/1197 [1:17:07<1:26:32,  8.19s/it] 47%|████▋     | 564/1197 [1:17:16<1:26:33,  8.20s/it] 47%|████▋     | 565/1197 [1:17:24<1:26:23,  8.20s/it] 47%|████▋     | 566/1197 [1:17:32<1:26:03,  8.18s/it] 47%|████▋     | 567/1197 [1:17:40<1:25:48,  8.17s/it] 47%|████▋     | 568/1197 [1:17:48<1:25:35,  8.16s/it] 48%|████▊     | 569/1197 [1:17:56<1:25:41,  8.19s/it] 48%|████▊     | 570/1197 [1:18:05<1:25:34,  8.19s/it] 48%|████▊     | 571/1197 [1:18:13<1:25:12,  8.17s/it] 48%|████▊     | 572/1197 [1:18:21<1:25:09,  8.18s/it] 48%|████▊     | 573/1197 [1:18:29<1:26:10,  8.29s/it] 48%|████▊     | 574/1197 [1:18:38<1:25:52,  8.27s/it] 48%|████▊     | 575/1197 [1:18:46<1:25:46,  8.27s/it] 48%|████▊     | 576/1197 [1:18:54<1:25:25,  8.25s/it] 48%|████▊     | 577/1197 [1:19:02<1:25:30,  8.27s/it] 48%|████▊     | 578/1197 [1:19:11<1:25:15,  8.26s/it] 48%|████▊     | 579/1197 [1:19:19<1:25:04,  8.26s/it] 48%|████▊     | 580/1197 [1:19:27<1:24:47,  8.25s/it] 49%|████▊     | 581/1197 [1:19:35<1:24:37,  8.24s/it] 49%|████▊     | 582/1197 [1:19:44<1:24:32,  8.25s/it] 49%|████▊     | 583/1197 [1:19:52<1:24:16,  8.24s/it] 49%|████▉     | 584/1197 [1:20:00<1:24:14,  8.25s/it] 49%|████▉     | 585/1197 [1:20:08<1:24:06,  8.25s/it] 49%|████▉     | 586/1197 [1:20:17<1:24:02,  8.25s/it] 49%|████▉     | 587/1197 [1:20:25<1:23:57,  8.26s/it] 49%|████▉     | 588/1197 [1:20:33<1:23:43,  8.25s/it] 49%|████▉     | 589/1197 [1:20:41<1:23:29,  8.24s/it] 49%|████▉     | 590/1197 [1:20:50<1:23:23,  8.24s/it] 49%|████▉     | 591/1197 [1:20:58<1:23:12,  8.24s/it] 49%|████▉     | 592/1197 [1:21:06<1:23:15,  8.26s/it] 50%|████▉     | 593/1197 [1:21:14<1:23:11,  8.26s/it] 50%|████▉     | 594/1197 [1:21:23<1:23:08,  8.27s/it] 50%|████▉     | 595/1197 [1:21:31<1:23:01,  8.28s/it] 50%|████▉     | 596/1197 [1:21:39<1:23:07,  8.30s/it] 50%|████▉     | 597/1197 [1:21:48<1:23:08,  8.31s/it] 50%|████▉     | 598/1197 [1:21:56<1:22:47,  8.29s/it] 50%|█████     | 599/1197 [1:22:04<1:22:45,  8.30s/it] 50%|█████     | 600/1197 [1:22:13<1:22:41,  8.31s/it] 50%|█████     | 601/1197 [1:22:21<1:22:38,  8.32s/it] 50%|█████     | 602/1197 [1:22:29<1:22:21,  8.31s/it] 50%|█████     | 603/1197 [1:22:38<1:22:12,  8.30s/it] 50%|█████     | 604/1197 [1:22:46<1:22:00,  8.30s/it] 51%|█████     | 605/1197 [1:22:54<1:21:52,  8.30s/it] 51%|█████     | 606/1197 [1:23:02<1:21:45,  8.30s/it] 51%|█████     | 607/1197 [1:23:11<1:22:18,  8.37s/it] 51%|█████     | 608/1197 [1:23:19<1:21:38,  8.32s/it] 51%|█████     | 609/1197 [1:23:27<1:21:20,  8.30s/it] 51%|█████     | 610/1197 [1:23:36<1:21:09,  8.30s/it] 51%|█████     | 611/1197 [1:23:44<1:20:51,  8.28s/it] 51%|█████     | 612/1197 [1:23:52<1:20:25,  8.25s/it] 51%|█████     | 613/1197 [1:24:00<1:20:30,  8.27s/it] 51%|█████▏    | 614/1197 [1:24:09<1:20:21,  8.27s/it] 51%|█████▏    | 615/1197 [1:24:17<1:20:36,  8.31s/it] 51%|█████▏    | 616/1197 [1:24:25<1:20:37,  8.33s/it] 52%|█████▏    | 617/1197 [1:24:34<1:20:34,  8.34s/it] 52%|█████▏    | 618/1197 [1:24:42<1:20:11,  8.31s/it] 52%|█████▏    | 619/1197 [1:24:50<1:19:56,  8.30s/it] 52%|█████▏    | 620/1197 [1:24:59<1:19:26,  8.26s/it] 52%|█████▏    | 621/1197 [1:25:07<1:19:11,  8.25s/it] 52%|█████▏    | 622/1197 [1:25:15<1:19:04,  8.25s/it] 52%|█████▏    | 623/1197 [1:25:23<1:18:59,  8.26s/it] 52%|█████▏    | 624/1197 [1:25:31<1:18:40,  8.24s/it] 52%|█████▏    | 625/1197 [1:25:40<1:18:29,  8.23s/it] 52%|█████▏    | 626/1197 [1:25:48<1:18:25,  8.24s/it] 52%|█████▏    | 627/1197 [1:25:56<1:17:59,  8.21s/it] 52%|█████▏    | 628/1197 [1:26:04<1:17:42,  8.20s/it] 53%|█████▎    | 629/1197 [1:26:12<1:17:31,  8.19s/it] 53%|█████▎    | 630/1197 [1:26:21<1:17:39,  8.22s/it] 53%|█████▎    | 631/1197 [1:26:29<1:17:34,  8.22s/it] 53%|█████▎    | 632/1197 [1:26:37<1:17:46,  8.26s/it] 53%|█████▎    | 633/1197 [1:26:45<1:17:33,  8.25s/it] 53%|█████▎    | 634/1197 [1:26:54<1:17:13,  8.23s/it] 53%|█████▎    | 635/1197 [1:27:02<1:17:07,  8.23s/it] 53%|█████▎    | 636/1197 [1:27:10<1:17:14,  8.26s/it] 53%|█████▎    | 637/1197 [1:27:19<1:17:15,  8.28s/it] 53%|█████▎    | 638/1197 [1:27:27<1:17:15,  8.29s/it] 53%|█████▎    | 639/1197 [1:27:35<1:17:02,  8.28s/it] 53%|█████▎    | 640/1197 [1:27:43<1:16:41,  8.26s/it] 54%|█████▎    | 641/1197 [1:27:52<1:16:28,  8.25s/it] 54%|█████▎    | 642/1197 [1:28:00<1:16:22,  8.26s/it] 54%|█████▎    | 643/1197 [1:28:08<1:16:02,  8.24s/it] 54%|█████▍    | 644/1197 [1:28:16<1:16:05,  8.26s/it] 54%|█████▍    | 645/1197 [1:28:25<1:15:55,  8.25s/it] 54%|█████▍    | 646/1197 [1:28:33<1:15:53,  8.26s/it] 54%|█████▍    | 647/1197 [1:28:41<1:15:34,  8.24s/it] 54%|█████▍    | 648/1197 [1:28:49<1:15:37,  8.26s/it] 54%|█████▍    | 649/1197 [1:28:58<1:15:10,  8.23s/it] 54%|█████▍    | 650/1197 [1:29:06<1:15:14,  8.25s/it] 54%|█████▍    | 651/1197 [1:29:14<1:15:05,  8.25s/it] 54%|█████▍    | 652/1197 [1:29:22<1:14:59,  8.26s/it] 55%|█████▍    | 653/1197 [1:29:31<1:14:53,  8.26s/it] 55%|█████▍    | 654/1197 [1:29:39<1:15:00,  8.29s/it] 55%|█████▍    | 655/1197 [1:29:47<1:15:08,  8.32s/it] 55%|█████▍    | 656/1197 [1:29:56<1:14:58,  8.31s/it] 55%|█████▍    | 657/1197 [1:30:04<1:14:39,  8.29s/it] 55%|█████▍    | 658/1197 [1:30:12<1:14:25,  8.28s/it] 55%|█████▌    | 659/1197 [1:30:20<1:14:19,  8.29s/it] 55%|█████▌    | 660/1197 [1:30:29<1:13:54,  8.26s/it] 55%|█████▌    | 661/1197 [1:30:37<1:13:29,  8.23s/it] 55%|█████▌    | 662/1197 [1:30:45<1:13:07,  8.20s/it] 55%|█████▌    | 663/1197 [1:30:53<1:12:59,  8.20s/it] 55%|█████▌    | 664/1197 [1:31:01<1:12:44,  8.19s/it] 56%|█████▌    | 665/1197 [1:31:10<1:12:41,  8.20s/it] 56%|█████▌    | 666/1197 [1:31:18<1:12:39,  8.21s/it] 56%|█████▌    | 667/1197 [1:31:26<1:12:35,  8.22s/it] 56%|█████▌    | 668/1197 [1:31:34<1:12:25,  8.22s/it] 56%|█████▌    | 669/1197 [1:31:42<1:12:19,  8.22s/it] 56%|█████▌    | 670/1197 [1:31:51<1:12:16,  8.23s/it] 56%|█████▌    | 671/1197 [1:31:59<1:12:07,  8.23s/it] 56%|█████▌    | 672/1197 [1:32:07<1:11:56,  8.22s/it] 56%|█████▌    | 673/1197 [1:32:15<1:11:50,  8.23s/it] 56%|█████▋    | 674/1197 [1:32:24<1:11:50,  8.24s/it] 56%|█████▋    | 675/1197 [1:32:32<1:11:55,  8.27s/it] 56%|█████▋    | 676/1197 [1:32:40<1:11:39,  8.25s/it] 57%|█████▋    | 677/1197 [1:32:48<1:11:32,  8.26s/it] 57%|█████▋    | 678/1197 [1:32:57<1:11:21,  8.25s/it] 57%|█████▋    | 679/1197 [1:33:05<1:11:04,  8.23s/it] 57%|█████▋    | 680/1197 [1:33:13<1:10:49,  8.22s/it] 57%|█████▋    | 681/1197 [1:33:21<1:10:39,  8.22s/it] 57%|█████▋    | 682/1197 [1:33:30<1:10:44,  8.24s/it] 57%|█████▋    | 683/1197 [1:33:38<1:10:52,  8.27s/it] 57%|█████▋    | 684/1197 [1:33:46<1:10:33,  8.25s/it] 57%|█████▋    | 685/1197 [1:33:54<1:10:31,  8.27s/it] 57%|█████▋    | 686/1197 [1:34:03<1:10:41,  8.30s/it] 57%|█████▋    | 687/1197 [1:34:11<1:10:21,  8.28s/it] 57%|█████▋    | 688/1197 [1:34:19<1:10:05,  8.26s/it] 58%|█████▊    | 689/1197 [1:34:28<1:10:06,  8.28s/it] 58%|█████▊    | 690/1197 [1:34:36<1:09:52,  8.27s/it] 58%|█████▊    | 691/1197 [1:34:44<1:09:47,  8.27s/it] 58%|█████▊    | 692/1197 [1:34:52<1:09:32,  8.26s/it] 58%|█████▊    | 693/1197 [1:35:01<1:09:29,  8.27s/it] 58%|█████▊    | 694/1197 [1:35:09<1:09:16,  8.26s/it] 58%|█████▊    | 695/1197 [1:35:17<1:09:01,  8.25s/it] 58%|█████▊    | 696/1197 [1:35:25<1:08:45,  8.23s/it] 58%|█████▊    | 697/1197 [1:35:34<1:08:40,  8.24s/it] 58%|█████▊    | 698/1197 [1:35:42<1:08:32,  8.24s/it] 58%|█████▊    | 699/1197 [1:35:50<1:08:14,  8.22s/it] 58%|█████▊    | 700/1197 [1:35:58<1:08:21,  8.25s/it] 59%|█████▊    | 701/1197 [1:36:07<1:08:24,  8.27s/it] 59%|█████▊    | 702/1197 [1:36:15<1:08:19,  8.28s/it] 59%|█████▊    | 703/1197 [1:36:23<1:08:02,  8.26s/it] 59%|█████▉    | 704/1197 [1:36:31<1:07:44,  8.24s/it] 59%|█████▉    | 705/1197 [1:36:40<1:07:26,  8.23s/it] 59%|█████▉    | 706/1197 [1:36:48<1:07:18,  8.22s/it] 59%|█████▉    | 707/1197 [1:36:56<1:07:15,  8.24s/it] 59%|█████▉    | 708/1197 [1:37:04<1:07:14,  8.25s/it] 59%|█████▉    | 709/1197 [1:37:13<1:07:02,  8.24s/it] 59%|█████▉    | 710/1197 [1:37:21<1:06:58,  8.25s/it] 59%|█████▉    | 711/1197 [1:37:29<1:06:52,  8.26s/it] 59%|█████▉    | 712/1197 [1:37:37<1:06:39,  8.25s/it] 60%|█████▉    | 713/1197 [1:37:46<1:06:34,  8.25s/it] 60%|█████▉    | 714/1197 [1:37:54<1:06:22,  8.25s/it] 60%|█████▉    | 715/1197 [1:38:02<1:06:15,  8.25s/it] 60%|█████▉    | 716/1197 [1:38:10<1:05:54,  8.22s/it] 60%|█████▉    | 717/1197 [1:38:18<1:05:47,  8.22s/it] 60%|█████▉    | 718/1197 [1:38:27<1:05:45,  8.24s/it] 60%|██████    | 719/1197 [1:38:35<1:05:41,  8.25s/it] 60%|██████    | 720/1197 [1:38:43<1:05:42,  8.27s/it] 60%|██████    | 721/1197 [1:38:52<1:05:41,  8.28s/it] 60%|██████    | 722/1197 [1:39:00<1:05:28,  8.27s/it] 60%|██████    | 723/1197 [1:39:08<1:05:21,  8.27s/it] 60%|██████    | 724/1197 [1:39:16<1:05:16,  8.28s/it] 61%|██████    | 725/1197 [1:39:25<1:05:17,  8.30s/it] 61%|██████    | 726/1197 [1:39:33<1:05:16,  8.32s/it] 61%|██████    | 727/1197 [1:39:41<1:05:07,  8.31s/it] 61%|██████    | 728/1197 [1:39:50<1:05:00,  8.32s/it] 61%|██████    | 729/1197 [1:39:58<1:04:56,  8.32s/it] 61%|██████    | 730/1197 [1:40:06<1:04:39,  8.31s/it] 61%|██████    | 731/1197 [1:40:15<1:04:30,  8.31s/it] 61%|██████    | 732/1197 [1:40:23<1:04:21,  8.30s/it] 61%|██████    | 733/1197 [1:40:31<1:04:08,  8.29s/it] 61%|██████▏   | 734/1197 [1:40:40<1:03:59,  8.29s/it] 61%|██████▏   | 735/1197 [1:40:48<1:03:33,  8.25s/it] 61%|██████▏   | 736/1197 [1:40:56<1:03:29,  8.26s/it] 62%|██████▏   | 737/1197 [1:41:04<1:03:18,  8.26s/it] 62%|██████▏   | 738/1197 [1:41:13<1:03:14,  8.27s/it] 62%|██████▏   | 739/1197 [1:41:21<1:03:00,  8.25s/it] 62%|██████▏   | 740/1197 [1:41:29<1:02:46,  8.24s/it] 62%|██████▏   | 741/1197 [1:41:37<1:02:55,  8.28s/it] 62%|██████▏   | 742/1197 [1:41:46<1:03:01,  8.31s/it] 62%|██████▏   | 743/1197 [1:41:54<1:02:45,  8.29s/it] 62%|██████▏   | 744/1197 [1:42:02<1:02:43,  8.31s/it] 62%|██████▏   | 745/1197 [1:42:11<1:02:45,  8.33s/it] 62%|██████▏   | 746/1197 [1:42:19<1:02:22,  8.30s/it] 62%|██████▏   | 747/1197 [1:42:27<1:02:12,  8.29s/it] 62%|██████▏   | 748/1197 [1:42:35<1:01:55,  8.28s/it] 63%|██████▎   | 749/1197 [1:42:44<1:02:04,  8.31s/it] 63%|██████▎   | 750/1197 [1:42:52<1:01:59,  8.32s/it] 63%|██████▎   | 751/1197 [1:43:00<1:01:48,  8.31s/it] 63%|██████▎   | 752/1197 [1:43:09<1:01:46,  8.33s/it] 63%|██████▎   | 753/1197 [1:43:17<1:01:39,  8.33s/it] 63%|██████▎   | 754/1197 [1:43:25<1:01:25,  8.32s/it] 63%|██████▎   | 755/1197 [1:43:34<1:01:20,  8.33s/it] 63%|██████▎   | 756/1197 [1:43:42<1:01:25,  8.36s/it] 63%|██████▎   | 757/1197 [1:43:51<1:01:12,  8.35s/it] 63%|██████▎   | 758/1197 [1:43:59<1:01:10,  8.36s/it] 63%|██████▎   | 759/1197 [1:44:07<1:01:03,  8.37s/it] 63%|██████▎   | 760/1197 [1:44:16<1:00:40,  8.33s/it] 64%|██████▎   | 761/1197 [1:44:24<1:00:21,  8.31s/it] 64%|██████▎   | 762/1197 [1:44:32<1:00:22,  8.33s/it] 64%|██████▎   | 763/1197 [1:44:41<1:00:13,  8.33s/it] 64%|██████▍   | 764/1197 [1:44:49<1:00:03,  8.32s/it] 64%|██████▍   | 765/1197 [1:44:57<59:49,  8.31s/it]   64%|██████▍   | 766/1197 [1:45:05<59:46,  8.32s/it] 64%|██████▍   | 767/1197 [1:45:14<59:50,  8.35s/it] 64%|██████▍   | 768/1197 [1:45:22<59:45,  8.36s/it] 64%|██████▍   | 769/1197 [1:45:31<59:26,  8.33s/it] 64%|██████▍   | 770/1197 [1:45:39<59:10,  8.32s/it] 64%|██████▍   | 771/1197 [1:45:47<58:54,  8.30s/it] 64%|██████▍   | 772/1197 [1:45:55<58:36,  8.27s/it] 65%|██████▍   | 773/1197 [1:46:04<58:22,  8.26s/it] 65%|██████▍   | 774/1197 [1:46:12<58:28,  8.30s/it] 65%|██████▍   | 775/1197 [1:46:20<58:18,  8.29s/it] 65%|██████▍   | 776/1197 [1:46:29<58:23,  8.32s/it] 65%|██████▍   | 777/1197 [1:46:37<58:13,  8.32s/it] 65%|██████▍   | 778/1197 [1:46:45<57:45,  8.27s/it] 65%|██████▌   | 779/1197 [1:46:53<57:39,  8.28s/it] 65%|██████▌   | 780/1197 [1:47:02<57:37,  8.29s/it] 65%|██████▌   | 781/1197 [1:47:10<57:29,  8.29s/it] 65%|██████▌   | 782/1197 [1:47:18<57:22,  8.30s/it] 65%|██████▌   | 783/1197 [1:47:27<57:16,  8.30s/it] 65%|██████▌   | 784/1197 [1:47:35<57:04,  8.29s/it] 66%|██████▌   | 785/1197 [1:47:43<56:43,  8.26s/it] 66%|██████▌   | 786/1197 [1:47:51<56:34,  8.26s/it] 66%|██████▌   | 787/1197 [1:48:00<56:25,  8.26s/it] 66%|██████▌   | 788/1197 [1:48:08<56:09,  8.24s/it] 66%|██████▌   | 789/1197 [1:48:16<56:04,  8.25s/it] 66%|██████▌   | 790/1197 [1:48:24<56:06,  8.27s/it] 66%|██████▌   | 791/1197 [1:48:33<55:50,  8.25s/it] 66%|██████▌   | 792/1197 [1:48:41<55:40,  8.25s/it] 66%|██████▌   | 793/1197 [1:48:49<55:31,  8.25s/it] 66%|██████▋   | 794/1197 [1:48:57<55:30,  8.26s/it] 66%|██████▋   | 795/1197 [1:49:06<55:24,  8.27s/it] 66%|██████▋   | 796/1197 [1:49:14<55:15,  8.27s/it] 67%|██████▋   | 797/1197 [1:49:22<55:04,  8.26s/it] 67%|██████▋   | 798/1197 [1:49:30<54:52,  8.25s/it] 67%|██████▋   | 799/1197 [1:49:39<54:52,  8.27s/it] 67%|██████▋   | 800/1197 [1:49:47<54:44,  8.27s/it] 67%|██████▋   | 801/1197 [1:49:55<54:37,  8.28s/it] 67%|██████▋   | 802/1197 [1:50:03<54:12,  8.23s/it] 67%|██████▋   | 803/1197 [1:50:12<53:58,  8.22s/it] 67%|██████▋   | 804/1197 [1:50:20<53:58,  8.24s/it] 67%|██████▋   | 805/1197 [1:50:28<53:44,  8.23s/it] 67%|██████▋   | 806/1197 [1:50:36<53:40,  8.24s/it] 67%|██████▋   | 807/1197 [1:50:44<53:30,  8.23s/it] 68%|██████▊   | 808/1197 [1:50:53<53:18,  8.22s/it] 68%|██████▊   | 809/1197 [1:51:01<53:22,  8.25s/it] 68%|██████▊   | 810/1197 [1:51:09<53:04,  8.23s/it] 68%|██████▊   | 811/1197 [1:51:17<53:00,  8.24s/it] 68%|██████▊   | 812/1197 [1:51:26<52:59,  8.26s/it] 68%|██████▊   | 813/1197 [1:51:34<52:41,  8.23s/it] 68%|██████▊   | 814/1197 [1:51:42<52:35,  8.24s/it] 68%|██████▊   | 815/1197 [1:51:50<52:29,  8.25s/it] 68%|██████▊   | 816/1197 [1:51:59<52:24,  8.25s/it] 68%|██████▊   | 817/1197 [1:52:07<52:16,  8.25s/it] 68%|██████▊   | 818/1197 [1:52:15<52:04,  8.24s/it] 68%|██████▊   | 819/1197 [1:52:24<52:05,  8.27s/it] 69%|██████▊   | 820/1197 [1:52:32<52:01,  8.28s/it] 69%|██████▊   | 821/1197 [1:52:40<51:52,  8.28s/it] 69%|██████▊   | 822/1197 [1:52:48<51:41,  8.27s/it] 69%|██████▉   | 823/1197 [1:52:57<51:21,  8.24s/it] 69%|██████▉   | 824/1197 [1:53:05<51:19,  8.26s/it] 69%|██████▉   | 825/1197 [1:53:13<51:18,  8.28s/it] 69%|██████▉   | 826/1197 [1:53:21<51:12,  8.28s/it] 69%|██████▉   | 827/1197 [1:53:30<51:06,  8.29s/it] 69%|██████▉   | 828/1197 [1:53:38<50:50,  8.27s/it] 69%|██████▉   | 829/1197 [1:53:46<50:38,  8.26s/it] 69%|██████▉   | 830/1197 [1:53:54<50:34,  8.27s/it] 69%|██████▉   | 831/1197 [1:54:03<50:23,  8.26s/it] 70%|██████▉   | 832/1197 [1:54:11<50:18,  8.27s/it] 70%|██████▉   | 833/1197 [1:54:19<50:05,  8.26s/it] 70%|██████▉   | 834/1197 [1:54:28<50:09,  8.29s/it] 70%|██████▉   | 835/1197 [1:54:36<49:57,  8.28s/it] 70%|██████▉   | 836/1197 [1:54:44<49:49,  8.28s/it] 70%|██████▉   | 837/1197 [1:54:52<49:45,  8.29s/it] 70%|███████   | 838/1197 [1:55:01<49:34,  8.28s/it] 70%|███████   | 839/1197 [1:55:09<49:18,  8.26s/it] 70%|███████   | 840/1197 [1:55:17<49:11,  8.27s/it] 70%|███████   | 841/1197 [1:55:25<48:56,  8.25s/it] 70%|███████   | 842/1197 [1:55:34<48:51,  8.26s/it] 70%|███████   | 843/1197 [1:55:42<48:50,  8.28s/it] 71%|███████   | 844/1197 [1:55:50<48:28,  8.24s/it] 71%|███████   | 845/1197 [1:55:58<48:24,  8.25s/it] 71%|███████   | 846/1197 [1:56:07<48:34,  8.30s/it] 71%|███████   | 847/1197 [1:56:15<48:17,  8.28s/it] 71%|███████   | 848/1197 [1:56:23<48:06,  8.27s/it] 71%|███████   | 849/1197 [1:56:32<47:57,  8.27s/it] 71%|███████   | 850/1197 [1:56:40<47:59,  8.30s/it] 71%|███████   | 851/1197 [1:56:48<47:50,  8.30s/it] 71%|███████   | 852/1197 [1:56:57<47:41,  8.30s/it] 71%|███████▏  | 853/1197 [1:57:05<47:31,  8.29s/it] 71%|███████▏  | 854/1197 [1:57:13<47:15,  8.27s/it] 71%|███████▏  | 855/1197 [1:57:21<47:07,  8.27s/it] 72%|███████▏  | 856/1197 [1:57:30<46:56,  8.26s/it] 72%|███████▏  | 857/1197 [1:57:38<46:40,  8.24s/it] 72%|███████▏  | 858/1197 [1:57:46<46:39,  8.26s/it] 72%|███████▏  | 859/1197 [1:57:54<46:27,  8.25s/it] 72%|███████▏  | 860/1197 [1:58:03<46:18,  8.24s/it] 72%|███████▏  | 861/1197 [1:58:11<46:07,  8.24s/it] 72%|███████▏  | 862/1197 [1:58:19<46:03,  8.25s/it] 72%|███████▏  | 863/1197 [1:58:27<46:01,  8.27s/it] 72%|███████▏  | 864/1197 [1:58:36<45:53,  8.27s/it] 72%|███████▏  | 865/1197 [1:58:44<45:35,  8.24s/it] 72%|███████▏  | 866/1197 [1:58:52<45:22,  8.23s/it] 72%|███████▏  | 867/1197 [1:59:00<45:19,  8.24s/it] 73%|███████▎  | 868/1197 [1:59:08<45:11,  8.24s/it] 73%|███████▎  | 869/1197 [1:59:17<45:07,  8.26s/it] 73%|███████▎  | 870/1197 [1:59:25<45:00,  8.26s/it] 73%|███████▎  | 871/1197 [1:59:33<44:57,  8.27s/it] 73%|███████▎  | 872/1197 [1:59:42<44:49,  8.28s/it] 73%|███████▎  | 873/1197 [1:59:50<44:46,  8.29s/it] 73%|███████▎  | 874/1197 [1:59:58<44:29,  8.26s/it] 73%|███████▎  | 875/1197 [2:00:06<44:21,  8.26s/it] 73%|███████▎  | 876/1197 [2:00:15<44:10,  8.26s/it] 73%|███████▎  | 877/1197 [2:00:23<44:01,  8.25s/it] 73%|███████▎  | 878/1197 [2:00:31<43:51,  8.25s/it] 73%|███████▎  | 879/1197 [2:00:39<43:46,  8.26s/it] 74%|███████▎  | 880/1197 [2:00:48<43:33,  8.24s/it] 74%|███████▎  | 881/1197 [2:00:56<43:22,  8.24s/it] 74%|███████▎  | 882/1197 [2:01:04<43:16,  8.24s/it] 74%|███████▍  | 883/1197 [2:01:12<43:12,  8.26s/it] 74%|███████▍  | 884/1197 [2:01:21<42:58,  8.24s/it] 74%|███████▍  | 885/1197 [2:01:29<42:47,  8.23s/it] 74%|███████▍  | 886/1197 [2:01:37<42:35,  8.22s/it] 74%|███████▍  | 887/1197 [2:01:46<43:02,  8.33s/it] 74%|███████▍  | 888/1197 [2:01:54<42:43,  8.29s/it] 74%|███████▍  | 889/1197 [2:02:02<42:25,  8.26s/it] 74%|███████▍  | 890/1197 [2:02:10<42:12,  8.25s/it] 74%|███████▍  | 891/1197 [2:02:18<42:03,  8.25s/it] 75%|███████▍  | 892/1197 [2:02:27<41:51,  8.23s/it] 75%|███████▍  | 893/1197 [2:02:35<41:34,  8.20s/it] 75%|███████▍  | 894/1197 [2:02:43<41:18,  8.18s/it] 75%|███████▍  | 895/1197 [2:02:51<41:14,  8.19s/it] 75%|███████▍  | 896/1197 [2:02:59<41:05,  8.19s/it] 75%|███████▍  | 897/1197 [2:03:08<40:58,  8.20s/it] 75%|███████▌  | 898/1197 [2:03:16<40:50,  8.20s/it] 75%|███████▌  | 899/1197 [2:03:24<40:36,  8.17s/it] 75%|███████▌  | 900/1197 [2:03:32<40:29,  8.18s/it] 75%|███████▌  | 901/1197 [2:03:40<40:23,  8.19s/it] 75%|███████▌  | 902/1197 [2:03:48<40:09,  8.17s/it] 75%|███████▌  | 903/1197 [2:03:57<39:58,  8.16s/it] 76%|███████▌  | 904/1197 [2:04:05<39:52,  8.17s/it] 76%|███████▌  | 905/1197 [2:04:13<39:40,  8.15s/it] 76%|███████▌  | 906/1197 [2:04:21<39:31,  8.15s/it] 76%|███████▌  | 907/1197 [2:04:29<39:28,  8.17s/it] 76%|███████▌  | 908/1197 [2:04:37<39:22,  8.18s/it] 76%|███████▌  | 909/1197 [2:04:46<39:16,  8.18s/it] 76%|███████▌  | 910/1197 [2:04:54<39:03,  8.16s/it] 76%|███████▌  | 911/1197 [2:05:02<38:57,  8.17s/it] 76%|███████▌  | 912/1197 [2:05:10<38:49,  8.17s/it] 76%|███████▋  | 913/1197 [2:05:18<38:36,  8.16s/it] 76%|███████▋  | 914/1197 [2:05:28<41:02,  8.70s/it] 76%|███████▋  | 915/1197 [2:05:36<40:11,  8.55s/it] 77%|███████▋  | 916/1197 [2:05:44<39:25,  8.42s/it] 77%|███████▋  | 917/1197 [2:05:53<38:53,  8.33s/it] 77%|███████▋  | 918/1197 [2:06:01<38:26,  8.27s/it] 77%|███████▋  | 919/1197 [2:06:09<38:08,  8.23s/it] 77%|███████▋  | 920/1197 [2:06:17<37:50,  8.20s/it] 77%|███████▋  | 921/1197 [2:06:25<37:40,  8.19s/it] 77%|███████▋  | 922/1197 [2:06:33<37:26,  8.17s/it] 77%|███████▋  | 923/1197 [2:06:41<37:15,  8.16s/it] 77%|███████▋  | 924/1197 [2:06:50<37:06,  8.16s/it] 77%|███████▋  | 925/1197 [2:06:58<36:57,  8.15s/it] 77%|███████▋  | 926/1197 [2:07:06<36:45,  8.14s/it] 77%|███████▋  | 927/1197 [2:07:14<36:39,  8.15s/it] 78%|███████▊  | 928/1197 [2:07:22<36:29,  8.14s/it] 78%|███████▊  | 929/1197 [2:07:30<36:21,  8.14s/it] 78%|███████▊  | 930/1197 [2:07:38<36:12,  8.14s/it] 78%|███████▊  | 931/1197 [2:07:46<36:03,  8.13s/it] 78%|███████▊  | 932/1197 [2:07:55<35:54,  8.13s/it] 78%|███████▊  | 933/1197 [2:08:03<35:48,  8.14s/it] 78%|███████▊  | 934/1197 [2:08:11<35:38,  8.13s/it] 78%|███████▊  | 935/1197 [2:08:19<35:33,  8.14s/it] 78%|███████▊  | 936/1197 [2:08:27<35:22,  8.13s/it] 78%|███████▊  | 937/1197 [2:08:35<35:13,  8.13s/it] 78%|███████▊  | 938/1197 [2:08:43<35:04,  8.12s/it] 78%|███████▊  | 939/1197 [2:08:52<34:58,  8.13s/it] 79%|███████▊  | 940/1197 [2:09:00<34:49,  8.13s/it] 79%|███████▊  | 941/1197 [2:09:08<34:41,  8.13s/it] 79%|███████▊  | 942/1197 [2:09:16<34:32,  8.13s/it] 79%|███████▉  | 943/1197 [2:09:24<34:25,  8.13s/it] 79%|███████▉  | 944/1197 [2:09:32<34:22,  8.15s/it] 79%|███████▉  | 945/1197 [2:09:40<34:11,  8.14s/it] 79%|███████▉  | 946/1197 [2:09:48<34:01,  8.13s/it] 79%|███████▉  | 947/1197 [2:09:57<33:56,  8.15s/it] 79%|███████▉  | 948/1197 [2:10:05<33:46,  8.14s/it] 79%|███████▉  | 949/1197 [2:10:13<33:44,  8.16s/it] 79%|███████▉  | 950/1197 [2:10:22<34:25,  8.36s/it] 79%|███████▉  | 951/1197 [2:10:30<34:11,  8.34s/it] 80%|███████▉  | 952/1197 [2:10:38<33:58,  8.32s/it] 80%|███████▉  | 953/1197 [2:10:47<33:43,  8.29s/it] 80%|███████▉  | 954/1197 [2:10:57<35:57,  8.88s/it] 80%|███████▉  | 955/1197 [2:11:05<35:03,  8.69s/it] 80%|███████▉  | 956/1197 [2:11:13<34:22,  8.56s/it] 80%|███████▉  | 957/1197 [2:11:22<33:52,  8.47s/it] 80%|████████  | 958/1197 [2:11:30<33:21,  8.37s/it] 80%|████████  | 959/1197 [2:11:38<33:04,  8.34s/it] 80%|████████  | 960/1197 [2:11:46<32:49,  8.31s/it] 80%|████████  | 961/1197 [2:11:54<32:31,  8.27s/it] 80%|████████  | 962/1197 [2:12:03<32:16,  8.24s/it] 80%|████████  | 963/1197 [2:12:11<32:07,  8.24s/it] 81%|████████  | 964/1197 [2:12:19<32:01,  8.25s/it] 81%|████████  | 965/1197 [2:12:27<31:52,  8.24s/it] 81%|████████  | 966/1197 [2:12:36<31:38,  8.22s/it] 81%|████████  | 967/1197 [2:12:46<33:37,  8.77s/it] 81%|████████  | 968/1197 [2:12:54<32:45,  8.58s/it] 81%|████████  | 969/1197 [2:13:02<32:08,  8.46s/it] 81%|████████  | 970/1197 [2:13:10<31:47,  8.40s/it] 81%|████████  | 971/1197 [2:13:18<31:28,  8.36s/it] 81%|████████  | 972/1197 [2:13:27<31:14,  8.33s/it] 81%|████████▏ | 973/1197 [2:13:35<30:57,  8.29s/it] 81%|████████▏ | 974/1197 [2:13:43<30:41,  8.26s/it] 81%|████████▏ | 975/1197 [2:13:51<30:35,  8.27s/it] 82%|████████▏ | 976/1197 [2:14:00<30:19,  8.23s/it] 82%|████████▏ | 977/1197 [2:14:08<30:04,  8.20s/it] 82%|████████▏ | 978/1197 [2:14:16<29:51,  8.18s/it] 82%|████████▏ | 979/1197 [2:14:24<29:40,  8.17s/it] 82%|████████▏ | 980/1197 [2:14:34<31:34,  8.73s/it] 82%|████████▏ | 981/1197 [2:14:42<30:52,  8.58s/it] 82%|████████▏ | 982/1197 [2:14:50<30:15,  8.45s/it] 82%|████████▏ | 983/1197 [2:14:59<29:55,  8.39s/it] 82%|████████▏ | 984/1197 [2:15:07<29:39,  8.36s/it] 82%|████████▏ | 985/1197 [2:15:15<29:26,  8.33s/it] 82%|████████▏ | 986/1197 [2:15:23<29:05,  8.27s/it] 82%|████████▏ | 987/1197 [2:15:32<28:59,  8.28s/it] 83%|████████▎ | 988/1197 [2:15:40<28:53,  8.29s/it] 83%|████████▎ | 989/1197 [2:15:48<28:46,  8.30s/it] 83%|████████▎ | 990/1197 [2:15:57<28:37,  8.30s/it] 83%|████████▎ | 991/1197 [2:16:05<28:32,  8.31s/it] 83%|████████▎ | 992/1197 [2:16:13<28:23,  8.31s/it] 83%|████████▎ | 993/1197 [2:16:21<28:16,  8.32s/it] 83%|████████▎ | 994/1197 [2:16:30<28:07,  8.31s/it] 83%|████████▎ | 995/1197 [2:16:38<27:58,  8.31s/it] 83%|████████▎ | 996/1197 [2:16:46<27:51,  8.31s/it] 83%|████████▎ | 997/1197 [2:16:55<27:45,  8.33s/it] 83%|████████▎ | 998/1197 [2:17:03<27:27,  8.28s/it] 83%|████████▎ | 999/1197 [2:17:11<27:10,  8.23s/it] 84%|████████▎ | 1000/1197 [2:17:19<26:59,  8.22s/it] 84%|████████▎ | 1001/1197 [2:17:28<26:57,  8.25s/it] 84%|████████▎ | 1002/1197 [2:17:36<26:46,  8.24s/it] 84%|████████▍ | 1003/1197 [2:17:44<26:37,  8.24s/it] 84%|████████▍ | 1004/1197 [2:17:52<26:32,  8.25s/it] 84%|████████▍ | 1005/1197 [2:18:01<26:23,  8.25s/it] 84%|████████▍ | 1006/1197 [2:18:09<26:13,  8.24s/it] 84%|████████▍ | 1007/1197 [2:18:17<26:08,  8.25s/it] 84%|████████▍ | 1008/1197 [2:18:25<25:55,  8.23s/it] 84%|████████▍ | 1009/1197 [2:18:34<25:50,  8.25s/it] 84%|████████▍ | 1010/1197 [2:18:42<25:42,  8.25s/it] 84%|████████▍ | 1011/1197 [2:18:50<25:30,  8.23s/it] 85%|████████▍ | 1012/1197 [2:18:58<25:19,  8.21s/it] 85%|████████▍ | 1013/1197 [2:19:06<25:08,  8.20s/it] 85%|████████▍ | 1014/1197 [2:19:14<24:59,  8.19s/it] 85%|████████▍ | 1015/1197 [2:19:23<24:51,  8.20s/it] 85%|████████▍ | 1016/1197 [2:19:31<24:44,  8.20s/it] 85%|████████▍ | 1017/1197 [2:19:39<24:40,  8.22s/it] 85%|████████▌ | 1018/1197 [2:19:47<24:30,  8.22s/it] 85%|████████▌ | 1019/1197 [2:19:56<24:25,  8.24s/it] 85%|████████▌ | 1020/1197 [2:20:04<24:18,  8.24s/it] 85%|████████▌ | 1021/1197 [2:20:12<24:11,  8.25s/it] 85%|████████▌ | 1022/1197 [2:20:20<24:01,  8.24s/it] 85%|████████▌ | 1023/1197 [2:20:29<23:54,  8.25s/it] 86%|████████▌ | 1024/1197 [2:20:37<23:47,  8.25s/it] 86%|████████▌ | 1025/1197 [2:20:45<23:31,  8.21s/it] 86%|████████▌ | 1026/1197 [2:20:53<23:26,  8.22s/it] 86%|████████▌ | 1027/1197 [2:21:01<23:18,  8.23s/it] 86%|████████▌ | 1028/1197 [2:21:10<23:10,  8.23s/it] 86%|████████▌ | 1029/1197 [2:21:18<23:03,  8.24s/it] 86%|████████▌ | 1030/1197 [2:21:26<22:56,  8.24s/it] 86%|████████▌ | 1031/1197 [2:21:34<22:42,  8.21s/it] 86%|████████▌ | 1032/1197 [2:21:43<22:37,  8.22s/it] 86%|████████▋ | 1033/1197 [2:21:51<22:27,  8.21s/it] 86%|████████▋ | 1034/1197 [2:21:59<22:23,  8.24s/it] 86%|████████▋ | 1035/1197 [2:22:07<22:11,  8.22s/it] 87%|████████▋ | 1036/1197 [2:22:16<22:04,  8.22s/it] 87%|████████▋ | 1037/1197 [2:22:24<22:02,  8.26s/it] 87%|████████▋ | 1038/1197 [2:22:32<21:51,  8.25s/it] 87%|████████▋ | 1039/1197 [2:22:40<21:41,  8.24s/it] 87%|████████▋ | 1040/1197 [2:22:49<21:34,  8.24s/it] 87%|████████▋ | 1041/1197 [2:22:57<21:27,  8.25s/it] 87%|████████▋ | 1042/1197 [2:23:05<21:18,  8.25s/it] 87%|████████▋ | 1043/1197 [2:23:13<21:10,  8.25s/it] 87%|████████▋ | 1044/1197 [2:23:21<20:58,  8.23s/it] 87%|████████▋ | 1045/1197 [2:23:30<20:48,  8.21s/it] 87%|████████▋ | 1046/1197 [2:23:38<20:41,  8.22s/it] 87%|████████▋ | 1047/1197 [2:23:46<20:31,  8.21s/it] 88%|████████▊ | 1048/1197 [2:23:54<20:21,  8.20s/it] 88%|████████▊ | 1049/1197 [2:24:02<20:12,  8.19s/it] 88%|████████▊ | 1050/1197 [2:24:11<20:02,  8.18s/it] 88%|████████▊ | 1051/1197 [2:24:19<19:57,  8.20s/it] 88%|████████▊ | 1052/1197 [2:24:27<19:52,  8.22s/it] 88%|████████▊ | 1053/1197 [2:24:35<19:39,  8.19s/it] 88%|████████▊ | 1054/1197 [2:24:43<19:33,  8.20s/it] 88%|████████▊ | 1055/1197 [2:24:52<19:28,  8.23s/it] 88%|████████▊ | 1056/1197 [2:25:00<19:17,  8.21s/it] 88%|████████▊ | 1057/1197 [2:25:08<19:05,  8.18s/it] 88%|████████▊ | 1058/1197 [2:25:16<19:02,  8.22s/it] 88%|████████▊ | 1059/1197 [2:25:25<18:54,  8.22s/it] 89%|████████▊ | 1060/1197 [2:25:33<18:42,  8.20s/it] 89%|████████▊ | 1061/1197 [2:25:41<18:34,  8.19s/it] 89%|████████▊ | 1062/1197 [2:25:49<18:31,  8.24s/it] 89%|████████▉ | 1063/1197 [2:25:58<18:26,  8.26s/it] 89%|████████▉ | 1064/1197 [2:26:06<18:13,  8.22s/it] 89%|████████▉ | 1065/1197 [2:26:14<18:05,  8.22s/it] 89%|████████▉ | 1066/1197 [2:26:22<17:59,  8.24s/it] 89%|████████▉ | 1067/1197 [2:26:30<17:53,  8.26s/it] 89%|████████▉ | 1068/1197 [2:26:39<17:40,  8.22s/it] 89%|████████▉ | 1069/1197 [2:26:47<17:29,  8.20s/it] 89%|████████▉ | 1070/1197 [2:26:55<17:23,  8.21s/it] 89%|████████▉ | 1071/1197 [2:27:03<17:13,  8.20s/it] 90%|████████▉ | 1072/1197 [2:27:11<17:02,  8.18s/it] 90%|████████▉ | 1073/1197 [2:27:20<16:54,  8.18s/it] 90%|████████▉ | 1074/1197 [2:27:28<16:44,  8.17s/it] 90%|████████▉ | 1075/1197 [2:27:36<16:40,  8.20s/it] 90%|████████▉ | 1076/1197 [2:27:44<16:34,  8.22s/it] 90%|████████▉ | 1077/1197 [2:27:52<16:25,  8.21s/it] 90%|█████████ | 1078/1197 [2:28:01<16:19,  8.23s/it] 90%|█████████ | 1079/1197 [2:28:09<16:09,  8.21s/it] 90%|█████████ | 1080/1197 [2:28:17<16:01,  8.22s/it] 90%|█████████ | 1081/1197 [2:28:25<15:56,  8.25s/it] 90%|█████████ | 1082/1197 [2:28:34<15:45,  8.22s/it] 90%|█████████ | 1083/1197 [2:28:42<15:35,  8.21s/it] 91%|█████████ | 1084/1197 [2:28:50<15:26,  8.20s/it] 91%|█████████ | 1085/1197 [2:28:58<15:18,  8.20s/it] 91%|█████████ | 1086/1197 [2:29:06<15:08,  8.18s/it] 91%|█████████ | 1087/1197 [2:29:14<15:00,  8.18s/it] 91%|█████████ | 1088/1197 [2:29:23<14:51,  8.18s/it] 91%|█████████ | 1089/1197 [2:29:31<14:42,  8.18s/it] 91%|█████████ | 1090/1197 [2:29:39<14:35,  8.18s/it] 91%|█████████ | 1091/1197 [2:29:47<14:27,  8.18s/it] 91%|█████████ | 1092/1197 [2:29:55<14:18,  8.17s/it] 91%|█████████▏| 1093/1197 [2:30:03<14:08,  8.16s/it] 91%|█████████▏| 1094/1197 [2:30:12<14:01,  8.17s/it] 91%|█████████▏| 1095/1197 [2:30:20<13:56,  8.20s/it] 92%|█████████▏| 1096/1197 [2:30:28<13:46,  8.19s/it] 92%|█████████▏| 1097/1197 [2:30:36<13:42,  8.23s/it] 92%|█████████▏| 1098/1197 [2:30:45<13:32,  8.21s/it] 92%|█████████▏| 1099/1197 [2:30:53<13:24,  8.21s/it] 92%|█████████▏| 1100/1197 [2:31:01<13:16,  8.21s/it] 92%|█████████▏| 1101/1197 [2:31:09<13:06,  8.19s/it] 92%|█████████▏| 1102/1197 [2:31:17<12:56,  8.18s/it] 92%|█████████▏| 1103/1197 [2:31:25<12:50,  8.19s/it] 92%|█████████▏| 1104/1197 [2:31:34<12:41,  8.18s/it] 92%|█████████▏| 1105/1197 [2:31:42<12:31,  8.17s/it] 92%|█████████▏| 1106/1197 [2:31:50<12:24,  8.18s/it] 92%|█████████▏| 1107/1197 [2:31:58<12:16,  8.18s/it] 93%|█████████▎| 1108/1197 [2:32:06<12:08,  8.18s/it] 93%|█████████▎| 1109/1197 [2:32:14<11:59,  8.17s/it] 93%|█████████▎| 1110/1197 [2:32:23<11:50,  8.17s/it] 93%|█████████▎| 1111/1197 [2:32:31<11:41,  8.16s/it] 93%|█████████▎| 1112/1197 [2:32:39<11:34,  8.17s/it] 93%|█████████▎| 1113/1197 [2:32:47<11:26,  8.18s/it] 93%|█████████▎| 1114/1197 [2:32:55<11:18,  8.18s/it] 93%|█████████▎| 1115/1197 [2:33:04<11:11,  8.19s/it] 93%|█████████▎| 1116/1197 [2:33:12<11:02,  8.18s/it] 93%|█████████▎| 1117/1197 [2:33:20<10:53,  8.17s/it] 93%|█████████▎| 1118/1197 [2:33:28<10:45,  8.17s/it] 93%|█████████▎| 1119/1197 [2:33:36<10:37,  8.17s/it] 94%|█████████▎| 1120/1197 [2:33:45<10:31,  8.20s/it] 94%|█████████▎| 1121/1197 [2:33:53<10:23,  8.21s/it] 94%|█████████▎| 1122/1197 [2:34:01<10:15,  8.20s/it] 94%|█████████▍| 1123/1197 [2:34:09<10:06,  8.19s/it] 94%|█████████▍| 1124/1197 [2:34:17<09:59,  8.21s/it] 94%|█████████▍| 1125/1197 [2:34:26<09:51,  8.21s/it] 94%|█████████▍| 1126/1197 [2:34:34<09:45,  8.25s/it] 94%|█████████▍| 1127/1197 [2:34:42<09:37,  8.25s/it] 94%|█████████▍| 1128/1197 [2:34:50<09:29,  8.25s/it] 94%|█████████▍| 1129/1197 [2:34:59<09:23,  8.28s/it] 94%|█████████▍| 1130/1197 [2:35:07<09:13,  8.26s/it] 94%|█████████▍| 1131/1197 [2:35:15<09:02,  8.22s/it] 95%|█████████▍| 1132/1197 [2:35:23<08:52,  8.19s/it] 95%|█████████▍| 1133/1197 [2:35:31<08:44,  8.19s/it] 95%|█████████▍| 1134/1197 [2:35:40<08:34,  8.17s/it] 95%|█████████▍| 1135/1197 [2:35:48<08:26,  8.17s/it] 95%|█████████▍| 1136/1197 [2:35:56<08:18,  8.17s/it] 95%|█████████▍| 1137/1197 [2:36:04<08:10,  8.17s/it] 95%|█████████▌| 1138/1197 [2:36:12<08:02,  8.17s/it] 95%|█████████▌| 1139/1197 [2:36:20<07:53,  8.16s/it] 95%|█████████▌| 1140/1197 [2:36:28<07:44,  8.15s/it] 95%|█████████▌| 1141/1197 [2:36:37<07:36,  8.15s/it] 95%|█████████▌| 1142/1197 [2:36:45<07:27,  8.14s/it] 95%|█████████▌| 1143/1197 [2:36:53<07:19,  8.14s/it] 96%|█████████▌| 1144/1197 [2:37:01<07:11,  8.15s/it] 96%|█████████▌| 1145/1197 [2:37:09<07:02,  8.13s/it] 96%|█████████▌| 1146/1197 [2:37:17<06:54,  8.13s/it] 96%|█████████▌| 1147/1197 [2:37:25<06:46,  8.14s/it] 96%|█████████▌| 1148/1197 [2:37:34<06:39,  8.16s/it] 96%|█████████▌| 1149/1197 [2:37:42<06:31,  8.17s/it] 96%|█████████▌| 1150/1197 [2:37:50<06:23,  8.16s/it] 96%|█████████▌| 1151/1197 [2:37:58<06:15,  8.15s/it] 96%|█████████▌| 1152/1197 [2:38:06<06:07,  8.17s/it] 96%|█████████▋| 1153/1197 [2:38:14<05:59,  8.16s/it] 96%|█████████▋| 1154/1197 [2:38:23<05:51,  8.18s/it] 96%|█████████▋| 1155/1197 [2:38:31<05:43,  8.18s/it] 97%|█████████▋| 1156/1197 [2:38:39<05:35,  8.18s/it] 97%|█████████▋| 1157/1197 [2:38:47<05:26,  8.17s/it] 97%|█████████▋| 1158/1197 [2:38:55<05:18,  8.16s/it] 97%|█████████▋| 1159/1197 [2:39:03<05:10,  8.16s/it] 97%|█████████▋| 1160/1197 [2:39:12<05:01,  8.15s/it] 97%|█████████▋| 1161/1197 [2:39:20<04:53,  8.16s/it] 97%|█████████▋| 1162/1197 [2:39:28<04:44,  8.14s/it] 97%|█████████▋| 1163/1197 [2:39:36<04:37,  8.15s/it] 97%|█████████▋| 1164/1197 [2:39:44<04:28,  8.14s/it] 97%|█████████▋| 1165/1197 [2:39:52<04:21,  8.16s/it] 97%|█████████▋| 1166/1197 [2:40:00<04:12,  8.14s/it] 97%|█████████▋| 1167/1197 [2:40:09<04:04,  8.14s/it] 98%|█████████▊| 1168/1197 [2:40:17<03:56,  8.15s/it] 98%|█████████▊| 1169/1197 [2:40:25<03:51,  8.27s/it] 98%|█████████▊| 1170/1197 [2:40:33<03:42,  8.22s/it] 98%|█████████▊| 1171/1197 [2:40:42<03:33,  8.21s/it] 98%|█████████▊| 1172/1197 [2:40:50<03:24,  8.19s/it] 98%|█████████▊| 1173/1197 [2:40:58<03:18,  8.26s/it] 98%|█████████▊| 1174/1197 [2:41:06<03:08,  8.22s/it] 98%|█████████▊| 1175/1197 [2:41:14<03:00,  8.19s/it] 98%|█████████▊| 1176/1197 [2:41:23<02:51,  8.18s/it] 98%|█████████▊| 1177/1197 [2:41:31<02:43,  8.16s/it] 98%|█████████▊| 1178/1197 [2:41:39<02:34,  8.14s/it] 98%|█████████▊| 1179/1197 [2:41:47<02:26,  8.16s/it] 99%|█████████▊| 1180/1197 [2:41:55<02:18,  8.16s/it] 99%|█████████▊| 1181/1197 [2:42:03<02:10,  8.15s/it] 99%|█████████▊| 1182/1197 [2:42:11<02:02,  8.14s/it] 99%|█████████▉| 1183/1197 [2:42:20<01:54,  8.15s/it] 99%|█████████▉| 1184/1197 [2:42:28<01:46,  8.17s/it] 99%|█████████▉| 1185/1197 [2:42:36<01:37,  8.15s/it] 99%|█████████▉| 1186/1197 [2:42:44<01:29,  8.16s/it] 99%|█████████▉| 1187/1197 [2:42:52<01:21,  8.15s/it] 99%|█████████▉| 1188/1197 [2:43:00<01:13,  8.15s/it] 99%|█████████▉| 1189/1197 [2:43:09<01:07,  8.45s/it] 99%|█████████▉| 1190/1197 [2:43:18<00:58,  8.37s/it] 99%|█████████▉| 1191/1197 [2:43:26<00:49,  8.30s/it]100%|█████████▉| 1192/1197 [2:43:34<00:41,  8.24s/it]100%|█████████▉| 1193/1197 [2:43:42<00:32,  8.20s/it]100%|█████████▉| 1194/1197 [2:43:50<00:24,  8.26s/it]100%|█████████▉| 1195/1197 [2:43:59<00:16,  8.23s/it]100%|█████████▉| 1196/1197 [2:44:07<00:08,  8.21s/it]100%|██████████| 1197/1197 [2:44:15<00:00,  8.19s/it]100%|██████████| 1197/1197 [2:44:15<00:00,  8.23s/it]
 - Running Mann-Whitney U tests with Holm correction for training...
  --> Statistical test results saved to: /clinicfs/userhomes/jaalzate/Projects/Radiomics-Prostate-Cancer/results/radiomics/most_discriminant/gland/best_results/svm/explicability/train/SHAP/shap_statistical_test.txt
 - Generating class-ordered SHAP heatmap for training...
  --> SHAP heatmap saved to: /clinicfs/userhomes/jaalzate/Projects/Radiomics-Prostate-Cancer/results/radiomics/most_discriminant/gland/best_results/svm/explicability/train/SHAP/shap_heatmap.png
  --> SHAP beeswarm plot saved to: /clinicfs/userhomes/jaalzate/Projects/Radiomics-Prostate-Cancer/results/radiomics/most_discriminant/gland/best_results/svm/explicability/train/SHAP/shap_beeswarm.png
  --> SHAP scatter plots saved to: /clinicfs/userhomes/jaalzate/Projects/Radiomics-Prostate-Cancer/results/radiomics/most_discriminant/gland/best_results/svm/explicability/train/SHAP/scatter_plots
2026-04-21 20:11:33 | INFO | Starting SHAP analysis on the hold-out test split...

Running SHAP analysis for test...
/clinicfs/projects/ceib/python_enviroments/radiomics_venv/lib/python3.11/site-packages/sklearn/base.py:486: UserWarning: X has feature names, but StandardScaler was fitted without feature names
  warnings.warn(
/clinicfs/projects/ceib/python_enviroments/radiomics_venv/lib/python3.11/site-packages/sklearn/base.py:486: UserWarning: X has feature names, but VarianceThreshold was fitted without feature names
  warnings.warn(
  0%|          | 0/303 [00:00<?, ?it/s]  0%|          | 1/303 [00:08<42:19,  8.41s/it]  1%|          | 2/303 [00:16<41:31,  8.28s/it]  1%|          | 3/303 [00:24<41:24,  8.28s/it]  1%|▏         | 4/303 [00:33<41:04,  8.24s/it]  2%|▏         | 5/303 [00:41<40:42,  8.20s/it]  2%|▏         | 6/303 [00:49<40:33,  8.19s/it]  2%|▏         | 7/303 [00:57<40:22,  8.18s/it]  3%|▎         | 8/303 [01:05<40:14,  8.19s/it]  3%|▎         | 9/303 [01:13<40:04,  8.18s/it]  3%|▎         | 10/303 [01:21<39:48,  8.15s/it]  4%|▎         | 11/303 [01:30<39:36,  8.14s/it]  4%|▍         | 12/303 [01:38<39:30,  8.15s/it]  4%|▍         | 13/303 [01:46<39:24,  8.15s/it]  5%|▍         | 14/303 [01:54<39:11,  8.14s/it]  5%|▍         | 15/303 [02:02<39:08,  8.15s/it]  5%|▌         | 16/303 [02:10<39:04,  8.17s/it]  6%|▌         | 17/303 [02:19<38:50,  8.15s/it]  6%|▌         | 18/303 [02:27<38:48,  8.17s/it]  6%|▋         | 19/303 [02:35<38:41,  8.17s/it]  7%|▋         | 20/303 [02:43<38:34,  8.18s/it]  7%|▋         | 21/303 [02:51<38:26,  8.18s/it]  7%|▋         | 22/303 [02:59<38:11,  8.16s/it]  8%|▊         | 23/303 [03:08<38:06,  8.17s/it]  8%|▊         | 24/303 [03:16<37:58,  8.17s/it]  8%|▊         | 25/303 [03:24<37:51,  8.17s/it]  9%|▊         | 26/303 [03:32<37:43,  8.17s/it]  9%|▉         | 27/303 [03:40<37:32,  8.16s/it]  9%|▉         | 28/303 [03:48<37:26,  8.17s/it] 10%|▉         | 29/303 [03:57<37:17,  8.17s/it] 10%|▉         | 30/303 [04:05<37:14,  8.18s/it] 10%|█         | 31/303 [04:13<37:03,  8.18s/it] 11%|█         | 32/303 [04:21<36:56,  8.18s/it] 11%|█         | 33/303 [04:29<36:44,  8.17s/it] 11%|█         | 34/303 [04:37<36:37,  8.17s/it] 12%|█▏        | 35/303 [04:46<36:25,  8.16s/it] 12%|█▏        | 36/303 [04:54<36:21,  8.17s/it] 12%|█▏        | 37/303 [05:02<36:08,  8.15s/it] 13%|█▎        | 38/303 [05:10<35:58,  8.15s/it] 13%|█▎        | 39/303 [05:19<36:30,  8.30s/it] 13%|█▎        | 40/303 [05:27<36:09,  8.25s/it] 14%|█▎        | 41/303 [05:35<35:56,  8.23s/it] 14%|█▍        | 42/303 [05:43<35:45,  8.22s/it] 14%|█▍        | 43/303 [05:51<35:30,  8.20s/it] 15%|█▍        | 44/303 [06:00<35:23,  8.20s/it] 15%|█▍        | 45/303 [06:08<35:14,  8.20s/it] 15%|█▌        | 46/303 [06:16<35:02,  8.18s/it] 16%|█▌        | 47/303 [06:24<34:48,  8.16s/it] 16%|█▌        | 48/303 [06:32<34:41,  8.16s/it] 16%|█▌        | 49/303 [06:40<34:33,  8.16s/it] 17%|█▋        | 50/303 [06:49<34:28,  8.18s/it] 17%|█▋        | 51/303 [06:57<34:20,  8.17s/it] 17%|█▋        | 52/303 [07:05<34:06,  8.15s/it] 17%|█▋        | 53/303 [07:13<33:56,  8.15s/it] 18%|█▊        | 54/303 [07:21<33:48,  8.15s/it] 18%|█▊        | 55/303 [07:29<33:43,  8.16s/it] 18%|█▊        | 56/303 [07:37<33:30,  8.14s/it] 19%|█▉        | 57/303 [07:46<33:25,  8.15s/it] 19%|█▉        | 58/303 [07:54<33:20,  8.16s/it] 19%|█▉        | 59/303 [08:02<33:10,  8.16s/it] 20%|█▉        | 60/303 [08:10<33:04,  8.17s/it] 20%|██        | 61/303 [08:18<32:54,  8.16s/it] 20%|██        | 62/303 [08:26<32:49,  8.17s/it] 21%|██        | 63/303 [08:35<32:42,  8.18s/it] 21%|██        | 64/303 [08:43<32:34,  8.18s/it] 21%|██▏       | 65/303 [08:51<32:23,  8.17s/it] 22%|██▏       | 66/303 [08:59<32:17,  8.17s/it] 22%|██▏       | 67/303 [09:07<32:03,  8.15s/it] 22%|██▏       | 68/303 [09:15<31:54,  8.15s/it] 23%|██▎       | 69/303 [09:24<31:47,  8.15s/it] 23%|██▎       | 70/303 [09:32<31:42,  8.17s/it] 23%|██▎       | 71/303 [09:40<31:36,  8.18s/it] 24%|██▍       | 72/303 [09:48<31:28,  8.18s/it] 24%|██▍       | 73/303 [09:56<31:20,  8.18s/it] 24%|██▍       | 74/303 [10:04<31:13,  8.18s/it] 25%|██▍       | 75/303 [10:13<31:10,  8.20s/it] 25%|██▌       | 76/303 [10:21<31:00,  8.20s/it] 25%|██▌       | 77/303 [10:29<30:50,  8.19s/it] 26%|██▌       | 78/303 [10:37<30:41,  8.19s/it] 26%|██▌       | 79/303 [10:45<30:33,  8.19s/it] 26%|██▋       | 80/303 [10:54<30:24,  8.18s/it] 27%|██▋       | 81/303 [11:02<30:12,  8.16s/it] 27%|██▋       | 82/303 [11:10<30:05,  8.17s/it] 27%|██▋       | 83/303 [11:18<29:52,  8.15s/it] 28%|██▊       | 84/303 [11:26<29:47,  8.16s/it] 28%|██▊       | 85/303 [11:34<29:40,  8.17s/it] 28%|██▊       | 86/303 [11:43<29:32,  8.17s/it] 29%|██▊       | 87/303 [11:51<29:20,  8.15s/it] 29%|██▉       | 88/303 [11:59<29:11,  8.15s/it] 29%|██▉       | 89/303 [12:07<29:12,  8.19s/it] 30%|██▉       | 90/303 [12:15<28:59,  8.16s/it] 30%|███       | 91/303 [12:23<28:48,  8.16s/it] 30%|███       | 92/303 [12:32<28:42,  8.16s/it] 31%|███       | 93/303 [12:40<28:34,  8.16s/it] 31%|███       | 94/303 [12:48<28:27,  8.17s/it] 31%|███▏      | 95/303 [12:56<28:20,  8.17s/it] 32%|███▏      | 96/303 [13:04<28:14,  8.18s/it] 32%|███▏      | 97/303 [13:12<28:05,  8.18s/it] 32%|███▏      | 98/303 [13:21<27:58,  8.19s/it] 33%|███▎      | 99/303 [13:29<27:51,  8.19s/it] 33%|███▎      | 100/303 [13:37<27:46,  8.21s/it] 33%|███▎      | 101/303 [13:45<27:39,  8.21s/it] 34%|███▎      | 102/303 [13:53<27:26,  8.19s/it] 34%|███▍      | 103/303 [14:02<27:15,  8.18s/it] 34%|███▍      | 104/303 [14:10<27:14,  8.21s/it] 35%|███▍      | 105/303 [14:18<27:09,  8.23s/it] 35%|███▍      | 106/303 [14:26<26:59,  8.22s/it] 35%|███▌      | 107/303 [14:34<26:47,  8.20s/it] 36%|███▌      | 108/303 [14:43<26:37,  8.19s/it] 36%|███▌      | 109/303 [14:51<26:29,  8.19s/it] 36%|███▋      | 110/303 [14:59<26:21,  8.19s/it] 37%|███▋      | 111/303 [15:07<26:16,  8.21s/it] 37%|███▋      | 112/303 [15:16<26:12,  8.23s/it] 37%|███▋      | 113/303 [15:24<26:07,  8.25s/it] 38%|███▊      | 114/303 [15:32<25:54,  8.22s/it] 38%|███▊      | 115/303 [15:40<25:42,  8.21s/it] 38%|███▊      | 116/303 [15:48<25:33,  8.20s/it] 39%|███▊      | 117/303 [15:57<25:24,  8.20s/it] 39%|███▉      | 118/303 [16:05<25:17,  8.20s/it] 39%|███▉      | 119/303 [16:13<25:04,  8.18s/it] 40%|███▉      | 120/303 [16:21<25:01,  8.21s/it] 40%|███▉      | 121/303 [16:29<24:56,  8.22s/it] 40%|████      | 122/303 [16:38<24:42,  8.19s/it] 41%|████      | 123/303 [16:46<24:33,  8.19s/it] 41%|████      | 124/303 [16:54<24:27,  8.20s/it] 41%|████▏     | 125/303 [17:02<24:15,  8.17s/it] 42%|████▏     | 126/303 [17:10<24:07,  8.18s/it] 42%|████▏     | 127/303 [17:18<23:57,  8.17s/it] 42%|████▏     | 128/303 [17:27<23:49,  8.17s/it] 43%|████▎     | 129/303 [17:35<23:45,  8.19s/it] 43%|████▎     | 130/303 [17:43<23:35,  8.18s/it] 43%|████▎     | 131/303 [17:51<23:27,  8.18s/it] 44%|████▎     | 132/303 [17:59<23:18,  8.18s/it] 44%|████▍     | 133/303 [18:07<23:07,  8.16s/it] 44%|████▍     | 134/303 [18:16<22:59,  8.16s/it] 45%|████▍     | 135/303 [18:24<22:51,  8.16s/it] 45%|████▍     | 136/303 [18:32<22:43,  8.17s/it] 45%|████▌     | 137/303 [18:40<22:34,  8.16s/it] 46%|████▌     | 138/303 [18:48<22:23,  8.14s/it] 46%|████▌     | 139/303 [18:56<22:18,  8.16s/it] 46%|████▌     | 140/303 [19:05<22:11,  8.17s/it] 47%|████▋     | 141/303 [19:13<22:06,  8.19s/it] 47%|████▋     | 142/303 [19:21<21:57,  8.18s/it] 47%|████▋     | 143/303 [19:29<21:49,  8.18s/it] 48%|████▊     | 144/303 [19:37<21:40,  8.18s/it] 48%|████▊     | 145/303 [19:45<21:28,  8.16s/it] 48%|████▊     | 146/303 [19:54<21:22,  8.17s/it] 49%|████▊     | 147/303 [20:02<21:12,  8.16s/it] 49%|████▉     | 148/303 [20:10<21:05,  8.16s/it] 49%|████▉     | 149/303 [20:18<20:55,  8.15s/it] 50%|████▉     | 150/303 [20:26<20:48,  8.16s/it] 50%|████▉     | 151/303 [20:34<20:40,  8.16s/it] 50%|█████     | 152/303 [20:43<20:35,  8.18s/it] 50%|█████     | 153/303 [20:51<20:29,  8.20s/it] 51%|█████     | 154/303 [20:59<20:21,  8.20s/it] 51%|█████     | 155/303 [21:07<20:12,  8.19s/it] 51%|█████▏    | 156/303 [21:15<20:03,  8.19s/it] 52%|█████▏    | 157/303 [21:24<19:54,  8.18s/it] 52%|█████▏    | 158/303 [21:32<19:43,  8.16s/it] 52%|█████▏    | 159/303 [21:40<19:37,  8.18s/it] 53%|█████▎    | 160/303 [21:48<19:30,  8.18s/it] 53%|█████▎    | 161/303 [21:56<19:21,  8.18s/it] 53%|█████▎    | 162/303 [22:04<19:11,  8.16s/it] 54%|█████▍    | 163/303 [22:13<19:01,  8.16s/it] 54%|█████▍    | 164/303 [22:21<18:54,  8.16s/it] 54%|█████▍    | 165/303 [22:29<18:48,  8.18s/it] 55%|█████▍    | 166/303 [22:37<18:39,  8.17s/it] 55%|█████▌    | 167/303 [22:45<18:35,  8.20s/it] 55%|█████▌    | 168/303 [22:54<18:28,  8.21s/it] 56%|█████▌    | 169/303 [23:02<18:19,  8.20s/it] 56%|█████▌    | 170/303 [23:10<18:09,  8.19s/it] 56%|█████▋    | 171/303 [23:18<18:02,  8.20s/it] 57%|█████▋    | 172/303 [23:26<17:50,  8.17s/it] 57%|█████▋    | 173/303 [23:35<17:43,  8.18s/it] 57%|█████▋    | 174/303 [23:43<17:38,  8.20s/it] 58%|█████▊    | 175/303 [23:51<17:32,  8.22s/it] 58%|█████▊    | 176/303 [23:59<17:24,  8.23s/it] 58%|█████▊    | 177/303 [24:08<17:16,  8.23s/it] 59%|█████▊    | 178/303 [24:16<17:08,  8.23s/it] 59%|█████▉    | 179/303 [24:24<17:00,  8.23s/it] 59%|█████▉    | 180/303 [24:32<16:51,  8.22s/it] 60%|█████▉    | 181/303 [24:40<16:43,  8.22s/it] 60%|██████    | 182/303 [24:49<16:34,  8.22s/it] 60%|██████    | 183/303 [24:57<16:27,  8.23s/it] 61%|██████    | 184/303 [25:05<16:21,  8.25s/it] 61%|██████    | 185/303 [25:13<16:14,  8.26s/it] 61%|██████▏   | 186/303 [25:22<16:06,  8.26s/it] 62%|██████▏   | 187/303 [25:30<15:55,  8.23s/it] 62%|██████▏   | 188/303 [25:38<15:47,  8.24s/it] 62%|██████▏   | 189/303 [25:46<15:39,  8.24s/it] 63%|██████▎   | 190/303 [25:55<15:35,  8.28s/it] 63%|██████▎   | 191/303 [26:03<15:21,  8.23s/it] 63%|██████▎   | 192/303 [26:11<15:13,  8.23s/it] 64%|██████▎   | 193/303 [26:19<15:04,  8.22s/it] 64%|██████▍   | 194/303 [26:27<14:55,  8.21s/it] 64%|██████▍   | 195/303 [26:36<14:45,  8.20s/it] 65%|██████▍   | 196/303 [26:44<14:38,  8.21s/it] 65%|██████▌   | 197/303 [26:52<14:28,  8.20s/it] 65%|██████▌   | 198/303 [27:00<14:19,  8.19s/it] 66%|██████▌   | 199/303 [27:08<14:12,  8.20s/it] 66%|██████▌   | 200/303 [27:17<14:05,  8.21s/it] 66%|██████▋   | 201/303 [27:25<13:57,  8.21s/it] 67%|██████▋   | 202/303 [27:33<13:49,  8.22s/it] 67%|██████▋   | 203/303 [27:41<13:40,  8.20s/it] 67%|██████▋   | 204/303 [27:50<13:33,  8.21s/it] 68%|██████▊   | 205/303 [27:58<13:24,  8.21s/it] 68%|██████▊   | 206/303 [28:06<13:17,  8.22s/it] 68%|██████▊   | 207/303 [28:14<13:08,  8.21s/it] 69%|██████▊   | 208/303 [28:23<13:07,  8.29s/it] 69%|██████▉   | 209/303 [28:31<12:55,  8.25s/it] 69%|██████▉   | 210/303 [28:39<12:52,  8.30s/it] 70%|██████▉   | 211/303 [28:47<12:41,  8.28s/it] 70%|██████▉   | 212/303 [28:56<12:30,  8.25s/it] 70%|███████   | 213/303 [29:04<12:20,  8.23s/it] 71%|███████   | 214/303 [29:12<12:11,  8.22s/it] 71%|███████   | 215/303 [29:20<12:04,  8.23s/it] 71%|███████▏  | 216/303 [29:28<11:56,  8.23s/it] 72%|███████▏  | 217/303 [29:37<11:46,  8.21s/it] 72%|███████▏  | 218/303 [29:45<11:39,  8.22s/it] 72%|███████▏  | 219/303 [29:54<11:40,  8.33s/it] 73%|███████▎  | 220/303 [30:02<11:27,  8.28s/it] 73%|███████▎  | 221/303 [30:10<11:17,  8.26s/it] 73%|███████▎  | 222/303 [30:18<11:08,  8.25s/it] 74%|███████▎  | 223/303 [30:26<10:59,  8.24s/it] 74%|███████▍  | 224/303 [30:35<10:51,  8.24s/it] 74%|███████▍  | 225/303 [30:43<10:41,  8.23s/it] 75%|███████▍  | 226/303 [30:51<10:32,  8.21s/it] 75%|███████▍  | 227/303 [30:59<10:30,  8.30s/it] 75%|███████▌  | 228/303 [31:08<10:22,  8.30s/it] 76%|███████▌  | 229/303 [31:16<10:12,  8.28s/it] 76%|███████▌  | 230/303 [31:24<10:03,  8.26s/it] 76%|███████▌  | 231/303 [31:32<09:54,  8.26s/it] 77%|███████▋  | 232/303 [31:41<09:45,  8.25s/it] 77%|███████▋  | 233/303 [31:49<09:36,  8.24s/it] 77%|███████▋  | 234/303 [31:57<09:26,  8.21s/it] 78%|███████▊  | 235/303 [32:05<09:17,  8.20s/it] 78%|███████▊  | 236/303 [32:13<09:08,  8.19s/it] 78%|███████▊  | 237/303 [32:22<09:00,  8.18s/it] 79%|███████▊  | 238/303 [32:30<08:51,  8.18s/it] 79%|███████▉  | 239/303 [32:38<08:44,  8.19s/it] 79%|███████▉  | 240/303 [32:46<08:35,  8.18s/it] 80%|███████▉  | 241/303 [32:54<08:27,  8.18s/it] 80%|███████▉  | 242/303 [33:02<08:18,  8.17s/it] 80%|████████  | 243/303 [33:11<08:11,  8.19s/it] 81%|████████  | 244/303 [33:19<08:02,  8.18s/it] 81%|████████  | 245/303 [33:27<07:53,  8.16s/it] 81%|████████  | 246/303 [33:35<07:46,  8.18s/it] 82%|████████▏ | 247/303 [33:43<07:38,  8.18s/it] 82%|████████▏ | 248/303 [33:52<07:30,  8.18s/it] 82%|████████▏ | 249/303 [34:00<07:21,  8.18s/it] 83%|████████▎ | 250/303 [34:08<07:13,  8.18s/it] 83%|████████▎ | 251/303 [34:16<07:05,  8.19s/it] 83%|████████▎ | 252/303 [34:24<06:58,  8.20s/it] 83%|████████▎ | 253/303 [34:32<06:49,  8.19s/it] 84%|████████▍ | 254/303 [34:41<06:40,  8.18s/it] 84%|████████▍ | 255/303 [34:49<06:33,  8.19s/it] 84%|████████▍ | 256/303 [34:57<06:25,  8.20s/it] 85%|████████▍ | 257/303 [35:05<06:17,  8.21s/it] 85%|████████▌ | 258/303 [35:13<06:08,  8.20s/it] 85%|████████▌ | 259/303 [35:22<05:59,  8.17s/it] 86%|████████▌ | 260/303 [35:30<05:51,  8.17s/it] 86%|████████▌ | 261/303 [35:38<05:43,  8.17s/it] 86%|████████▋ | 262/303 [35:46<05:35,  8.19s/it] 87%|████████▋ | 263/303 [35:54<05:27,  8.19s/it] 87%|████████▋ | 264/303 [36:03<05:19,  8.20s/it] 87%|████████▋ | 265/303 [36:11<05:10,  8.18s/it] 88%|████████▊ | 266/303 [36:19<05:02,  8.18s/it] 88%|████████▊ | 267/303 [36:27<04:54,  8.18s/it] 88%|████████▊ | 268/303 [36:35<04:46,  8.18s/it] 89%|████████▉ | 269/303 [36:43<04:38,  8.19s/it] 89%|████████▉ | 270/303 [36:52<04:29,  8.18s/it] 89%|████████▉ | 271/303 [37:00<04:22,  8.19s/it] 90%|████████▉ | 272/303 [37:08<04:13,  8.18s/it] 90%|█████████ | 273/303 [37:16<04:04,  8.16s/it] 90%|█████████ | 274/303 [37:24<03:56,  8.17s/it] 91%|█████████ | 275/303 [37:32<03:48,  8.17s/it] 91%|█████████ | 276/303 [37:41<03:40,  8.17s/it] 91%|█████████▏| 277/303 [37:49<03:32,  8.19s/it] 92%|█████████▏| 278/303 [37:57<03:24,  8.18s/it] 92%|█████████▏| 279/303 [38:05<03:16,  8.18s/it] 92%|█████████▏| 280/303 [38:13<03:08,  8.19s/it] 93%|█████████▎| 281/303 [38:22<03:00,  8.20s/it] 93%|█████████▎| 282/303 [38:30<02:52,  8.21s/it] 93%|█████████▎| 283/303 [38:38<02:44,  8.21s/it] 94%|█████████▎| 284/303 [38:46<02:35,  8.20s/it] 94%|█████████▍| 285/303 [38:54<02:27,  8.19s/it] 94%|█████████▍| 286/303 [39:03<02:19,  8.20s/it] 95%|█████████▍| 287/303 [39:11<02:11,  8.19s/it] 95%|█████████▌| 288/303 [39:19<02:02,  8.18s/it] 95%|█████████▌| 289/303 [39:27<01:54,  8.19s/it] 96%|█████████▌| 290/303 [39:35<01:46,  8.19s/it] 96%|█████████▌| 291/303 [39:44<01:38,  8.20s/it] 96%|█████████▋| 292/303 [39:52<01:30,  8.21s/it] 97%|█████████▋| 293/303 [40:01<01:23,  8.36s/it] 97%|█████████▋| 294/303 [40:09<01:14,  8.30s/it] 97%|█████████▋| 295/303 [40:17<01:06,  8.28s/it] 98%|█████████▊| 296/303 [40:25<00:57,  8.26s/it] 98%|█████████▊| 297/303 [40:33<00:49,  8.24s/it] 98%|█████████▊| 298/303 [40:42<00:41,  8.22s/it] 99%|█████████▊| 299/303 [40:50<00:32,  8.19s/it] 99%|█████████▉| 300/303 [40:58<00:24,  8.19s/it] 99%|█████████▉| 301/303 [41:06<00:16,  8.17s/it]100%|█████████▉| 302/303 [41:14<00:08,  8.18s/it]100%|██████████| 303/303 [41:22<00:00,  8.19s/it]100%|██████████| 303/303 [41:22<00:00,  8.19s/it]
 - Running Mann-Whitney U tests with Holm correction for test...
  --> Statistical test results saved to: /clinicfs/userhomes/jaalzate/Projects/Radiomics-Prostate-Cancer/results/radiomics/most_discriminant/gland/best_results/svm/explicability/test/SHAP/shap_statistical_test.txt
 - Generating class-ordered SHAP heatmap for test...
  --> SHAP heatmap saved to: /clinicfs/userhomes/jaalzate/Projects/Radiomics-Prostate-Cancer/results/radiomics/most_discriminant/gland/best_results/svm/explicability/test/SHAP/shap_heatmap.png
  --> SHAP beeswarm plot saved to: /clinicfs/userhomes/jaalzate/Projects/Radiomics-Prostate-Cancer/results/radiomics/most_discriminant/gland/best_results/svm/explicability/test/SHAP/shap_beeswarm.png
  --> SHAP scatter plots saved to: /clinicfs/userhomes/jaalzate/Projects/Radiomics-Prostate-Cancer/results/radiomics/most_discriminant/gland/best_results/svm/explicability/test/SHAP/scatter_plots
2026-04-21 20:53:07 | INFO | Starting LIME analysis on the training split...

Running LIME analysis for training...
/clinicfs/projects/ceib/python_enviroments/radiomics_venv/lib/python3.11/site-packages/sklearn/base.py:486: UserWarning: X has feature names, but StandardScaler was fitted without feature names
  warnings.warn(
/clinicfs/projects/ceib/python_enviroments/radiomics_venv/lib/python3.11/site-packages/sklearn/base.py:486: UserWarning: X has feature names, but VarianceThreshold was fitted without feature names
  warnings.warn(
  --> LIME min-max visualization saved to: /clinicfs/userhomes/jaalzate/Projects/Radiomics-Prostate-Cancer/results/radiomics/most_discriminant/gland/best_results/svm/explicability/train/LIME/lime_pseudo_beeswarm.png
  --> LIME log-normalized visualization saved to: /clinicfs/userhomes/jaalzate/Projects/Radiomics-Prostate-Cancer/results/radiomics/most_discriminant/gland/best_results/svm/explicability/train/LIME/lime_pseudo_beeswarm_log.png
  -> LIME for TN (index 0) saved to:
     /clinicfs/userhomes/jaalzate/Projects/Radiomics-Prostate-Cancer/results/radiomics/most_discriminant/gland/best_results/svm/explicability/train/LIME/individual_analysis/lime_explanation_TN_0.txt
     /clinicfs/userhomes/jaalzate/Projects/Radiomics-Prostate-Cancer/results/radiomics/most_discriminant/gland/best_results/svm/explicability/train/LIME/individual_analysis/lime_explanation_TN_0.png
  -> LIME for TP (index 5) saved to:
     /clinicfs/userhomes/jaalzate/Projects/Radiomics-Prostate-Cancer/results/radiomics/most_discriminant/gland/best_results/svm/explicability/train/LIME/individual_analysis/lime_explanation_TP_5.txt
     /clinicfs/userhomes/jaalzate/Projects/Radiomics-Prostate-Cancer/results/radiomics/most_discriminant/gland/best_results/svm/explicability/train/LIME/individual_analysis/lime_explanation_TP_5.png
  -> LIME for FP (index 3) saved to:
     /clinicfs/userhomes/jaalzate/Projects/Radiomics-Prostate-Cancer/results/radiomics/most_discriminant/gland/best_results/svm/explicability/train/LIME/individual_analysis/lime_explanation_FP_3.txt
     /clinicfs/userhomes/jaalzate/Projects/Radiomics-Prostate-Cancer/results/radiomics/most_discriminant/gland/best_results/svm/explicability/train/LIME/individual_analysis/lime_explanation_FP_3.png
  -> LIME for FN (index 12) saved to:
     /clinicfs/userhomes/jaalzate/Projects/Radiomics-Prostate-Cancer/results/radiomics/most_discriminant/gland/best_results/svm/explicability/train/LIME/individual_analysis/lime_explanation_FN_12.txt
     /clinicfs/userhomes/jaalzate/Projects/Radiomics-Prostate-Cancer/results/radiomics/most_discriminant/gland/best_results/svm/explicability/train/LIME/individual_analysis/lime_explanation_FN_12.png
2026-04-21 21:03:43 | INFO | Starting LIME analysis on the hold-out test split...

Running LIME analysis for test...
/clinicfs/projects/ceib/python_enviroments/radiomics_venv/lib/python3.11/site-packages/sklearn/base.py:486: UserWarning: X has feature names, but StandardScaler was fitted without feature names
  warnings.warn(
/clinicfs/projects/ceib/python_enviroments/radiomics_venv/lib/python3.11/site-packages/sklearn/base.py:486: UserWarning: X has feature names, but VarianceThreshold was fitted without feature names
  warnings.warn(
  --> LIME min-max visualization saved to: /clinicfs/userhomes/jaalzate/Projects/Radiomics-Prostate-Cancer/results/radiomics/most_discriminant/gland/best_results/svm/explicability/test/LIME/lime_pseudo_beeswarm.png
  --> LIME log-normalized visualization saved to: /clinicfs/userhomes/jaalzate/Projects/Radiomics-Prostate-Cancer/results/radiomics/most_discriminant/gland/best_results/svm/explicability/test/LIME/lime_pseudo_beeswarm_log.png
  -> LIME for TN (index 1) saved to:
     /clinicfs/userhomes/jaalzate/Projects/Radiomics-Prostate-Cancer/results/radiomics/most_discriminant/gland/best_results/svm/explicability/test/LIME/individual_analysis/lime_explanation_TN_1.txt
     /clinicfs/userhomes/jaalzate/Projects/Radiomics-Prostate-Cancer/results/radiomics/most_discriminant/gland/best_results/svm/explicability/test/LIME/individual_analysis/lime_explanation_TN_1.png
  -> LIME for TP (index 2) saved to:
     /clinicfs/userhomes/jaalzate/Projects/Radiomics-Prostate-Cancer/results/radiomics/most_discriminant/gland/best_results/svm/explicability/test/LIME/individual_analysis/lime_explanation_TP_2.txt
     /clinicfs/userhomes/jaalzate/Projects/Radiomics-Prostate-Cancer/results/radiomics/most_discriminant/gland/best_results/svm/explicability/test/LIME/individual_analysis/lime_explanation_TP_2.png
  -> LIME for FP (index 0) saved to:
     /clinicfs/userhomes/jaalzate/Projects/Radiomics-Prostate-Cancer/results/radiomics/most_discriminant/gland/best_results/svm/explicability/test/LIME/individual_analysis/lime_explanation_FP_0.txt
     /clinicfs/userhomes/jaalzate/Projects/Radiomics-Prostate-Cancer/results/radiomics/most_discriminant/gland/best_results/svm/explicability/test/LIME/individual_analysis/lime_explanation_FP_0.png
  -> LIME for FN (index 17) saved to:
     /clinicfs/userhomes/jaalzate/Projects/Radiomics-Prostate-Cancer/results/radiomics/most_discriminant/gland/best_results/svm/explicability/test/LIME/individual_analysis/lime_explanation_FN_17.txt
     /clinicfs/userhomes/jaalzate/Projects/Radiomics-Prostate-Cancer/results/radiomics/most_discriminant/gland/best_results/svm/explicability/test/LIME/individual_analysis/lime_explanation_FN_17.png
2026-04-21 21:06:25 | INFO | Process completed. Report saved to: /clinicfs/userhomes/jaalzate/Projects/Radiomics-Prostate-Cancer/results/radiomics/most_discriminant/gland/best_results/svm/report.txt
