,val_auc,val_auc,val_auc,val_auc,val_auc,val_f1_binary,val_f1_binary,val_f1_binary,val_f1_binary,val_f1_binary,val_accuracy,val_accuracy,val_accuracy,val_accuracy,val_accuracy,val_balanced_accuracy,val_balanced_accuracy,val_balanced_accuracy,val_balanced_accuracy,val_balanced_accuracy,val_specificity,val_specificity,val_specificity,val_specificity,val_specificity,val_sensitivity,val_sensitivity,val_sensitivity,val_sensitivity,val_sensitivity
,mean,std,min,max,median,mean,std,min,max,median,mean,std,min,max,median,mean,std,min,max,median,mean,std,min,max,median,mean,std,min,max,median
model,,,,,,,,,,,,,,,,,,,,,,,,,,,,,,
base-densenet,0.7830863783339961,0.023012024090643905,0.7564935064935066,0.815086782376502,0.777418659771601,0.5585724815021903,0.06256371264633385,0.4477611940298507,0.5964912280701754,0.5806451612903226,0.7532381826047461,0.020036579105004164,0.7290969899665551,0.7770491803278688,0.7533333333333333,0.6956562119288893,0.036244662612413533,0.6322751322751323,0.7194592790387182,0.705936220642103,0.8273806693377888,0.06377069884002032,0.7429906542056075,0.9074074074074074,0.8317757009345794,0.5639317545199898,0.1268008937846207,0.3571428571428571,0.6941176470588235,0.6071428571428571
base-efficientnet,0.6898610858969114,0.02289006310563679,0.6612798965740142,0.7148368606701939,0.6995438362260793,0.4178795627393761,0.022095301257065752,0.3941605839416058,0.4444444444444444,0.4099378881987577,0.7113967917655126,0.024800144343169402,0.6812080536912751,0.7333333333333333,0.7214765100671141,0.607298812807334,0.012424373025381122,0.5922619047619048,0.6251511819681144,0.607473544973545,0.8476368413009425,0.048476388634288804,0.7828054298642534,0.8935185185185185,0.8738317757009346,0.3669607843137255,0.049259377592361264,0.3214285714285714,0.4404761904761904,0.375
base-resnet,0.7708432952135994,0.018647325702131252,0.7479978354978355,0.7929631665750412,0.7735940530058177,0.5239221755069756,0.07621491681334407,0.4098360655737705,0.591304347826087,0.5443037974683544,0.7247504561911178,0.03489685627680989,0.6879194630872483,0.76,0.7248322147651006,0.6784297714176769,0.047007383972550144,0.6190214403518417,0.7282913165266107,0.6841931216931216,0.787971078358654,0.13327537214397236,0.6470588235294118,0.9439252336448598,0.8428571428571429,0.5688884644766998,0.2233087052867043,0.2941176470588235,0.8095238095238095,0.5119047619047619
